id,SMILES,SIF_class,SGF_class,Unnamed: 4,Unnamed: 5,Unnamed: 6,Unnamed: 7,Unnamed: 8,Unnamed: 9,Unnamed: 10,Unnamed: 11,Unnamed: 12,Unnamed: 13,Unnamed: 14,Unnamed: 15,Unnamed: 16,Unnamed: 17,Unnamed: 18,Unnamed: 19,is_monomer,is_dimer,is_cyclic,has_disulfide_bond,SIF_minutes,SGF_minutes,source_name,label
974,CC(=O)N[C@H](CCC(N)=O)C(=O)N[C@H]1CCSC[C@@H](C(=O)N[C@H](Cc2ccc(OCCN)cc2)C(=O)N[C@@H](Cc2ccc3ccccc3c2)C(=O)N[C@](C)(CCCCN)C(=O)N[C@@H](CCC(=O)O)C(=O)N[C@@H](CC(N)=O)C(=O)N[C@@H](CC(N)=O)C(N)=O)NC(=O)[C@H](CCC(N)=O)NC(=O)[C@H](Cc2c[nH]c3ccccc23)NC(=O)[C@H]([C@@H](C)O)NC(=O)[C@H](CCC(N)=O)NC1=O,*,*,,,,,,,,,,,,,,,,,True,False,True,False,420,420,US9624268.csv,1
973,CC(=O)N[C@@H](CC(C)C)C(=O)N[C@H]1CCSC[C@@H](C(=O)N[C@H](Cc2ccc(OCCN)cc2)C(=O)N[C@@H](Cc2ccc3ccccc3c2)C(=O)N[C@](C)(CCCCN)C(=O)N[C@@H](CCC(=O)O)C(=O)N[C@@H](CC(N)=O)C(=O)N[C@@H](CC(N)=O)C(N)=O)NC(=O)[C@H](CCC(N)=O)NC(=O)[C@H](Cc2c[nH]c3ccccc23)NC(=O)[C@H]([C@@H](C)O)NC(=O)[C@H](CCC(N)=O)NC1=O,***,*,,,,,,,,,,,,,,,,,True,False,True,False,150,420,US9624268.csv,1
971,CC(=O)N[C@@H](Cc1ccc2ccccc2c1)C(=O)N[C@H]1CCSC[C@@H](C(=O)N[C@H](Cc2ccc(OCCN)cc2)C(=O)N[C@@H](Cc2ccc3ccccc3c2)C(=O)N[C@](C)(CCCCN)C(=O)N[C@@H](CCC(=O)O)C(=O)N[C@@H](CC(N)=O)C(=O)N[C@@H](CC(N)=O)C(N)=O)NC(=O)[C@H](CCC(N)=O)NC(=O)[C@H](Cc2c[nH]c3ccccc23)NC(=O)[C@H]([C@@H](C)O)NC(=O)[C@H](CCC(N)=O)NC1=O,*****,****,,,,,,,,,,,,,,,,,True,False,True,False,30,90,US9624268.csv,0
970,CC(=O)N[C@H](Cc1ccccc1)C(=O)N[C@H]1CCSC[C@@H](C(=O)N[C@H](Cc2ccc(OCCN)cc2)C(=O)N[C@@H](Cc2ccc3ccccc3c2)C(=O)N[C@](C)(CCCCN)C(=O)N[C@@H](CCC(=O)O)C(=O)N[C@@H](CC(N)=O)C(=O)N[C@@H](CC(N)=O)C(N)=O)NC(=O)[C@H](CCC(N)=O)NC(=O)[C@H](Cc2c[nH]c3ccccc23)NC(=O)[C@H]([C@@H](C)O)NC(=O)[C@H](CCC(N)=O)NC1=O,*****,*,,,,,,,,,,,,,,,,,True,False,True,False,30,420,US9624268.csv,1
968,CC(=O)N[C@@H](CCCNC(=N)N)C(=O)N[C@H]1CCSC[C@@H](C(=O)N[C@H](Cc2ccc(OCCN)cc2)C(=O)N[C@@H](Cc2ccc3ccccc3c2)C(=O)N[C@](C)(CCCCN)C(=O)N[C@@H](CCC(=O)O)C(=O)N[C@@H](CC(N)=O)C(=O)N[C@@H](CC(N)=O)C(N)=O)NC(=O)[C@H](CCC(N)=O)NC(=O)[C@H](Cc2c[nH]c3ccccc23)NC(=O)[C@H]([C@@H](C)O)NC(=O)[C@H](CCC(N)=O)NC1=O,*,***,,,,,,,,,,,,,,,,,True,False,True,False,420,150,US9624268.csv,0
967,CC(=O)N[C@@H](CCCNC(=N)N)C(=O)N[C@H]1CCSC[C@@H](C(=O)N[C@H](Cc2ccc(OCCN)cc2)C(=O)N[C@@H](Cc2ccc3ccccc3c2)C(=O)N[C@](C)(CCCCN)C(=O)N[C@@H](CCC(=O)O)C(=O)N[C@@H](CC(N)=O)C(=O)N[C@@H](CC(N)=O)C(N)=O)NC(=O)[C@H](CCC(N)=O)NC(=O)[C@H](Cc2c[nH]c3ccccc23)NC(=O)[C@H]([C@@H](C)O)NC(=O)[C@H](CCC(N)=O)NC1=O,*,***,,,,,,,,,,,,,,,,,True,False,True,False,420,150,US9624268.csv,0
966,CC(=O)N[C@H](CCC(=O)O)C(=O)N[C@H]1CCSC[C@@H](C(=O)N[C@H](Cc2ccc(OCCN)cc2)C(=O)N[C@@H](Cc2ccc3ccccc3c2)C(=O)N[C@](C)(CCCCN)C(=O)N[C@@H](CCC(=O)O)C(=O)N[C@@H](CC(N)=O)C(=O)N[C@@H](CC(N)=O)C(N)=O)NC(=O)[C@H](CCC(N)=O)NC(=O)[C@H](Cc2c[nH]c3ccccc23)NC(=O)[C@H]([C@@H](C)O)NC(=O)[C@H](CCC(N)=O)NC1=O,*,*,,,,,,,,,,,,,,,,,True,False,True,False,420,420,US9624268.csv,1
964,COc1ccc(C[C@H](NC(=O)[C@@H]2CSCC[C@H](NC(C)=O)C(=O)N[C@@H](CCC(N)=O)C(=O)N[C@@H]([C@@H](C)O)C(=O)N[C@@H](Cc3c[nH]c4ccccc34)C(=O)N[C@@H](CCC(N)=O)C(=O)N2)C(=O)N[C@@H](Cc2ccc3ccccc3c2)C(=O)N[C@](C)(CC(C)C)C(=O)N[C@@H](CCC(=O)O)C(=O)N[C@@H](CC(N)=O)C(=O)NCC(=O)N[C@H](CCCCN)C(N)=O)cc1,**,***,,,,,,,,,,,,,,,,,True,False,True,False,270,150,US9624268.csv,0
963,CC(=O)N[C@H]1CCSC[C@@H](C(=O)N[C@@H](Cc2ccc(OCc3ccccc3)cc2)C(=O)N[C@@H](Cc2ccc3ccccc3c2)C(=O)NC(C)(C)C(=O)N[C@@H](CCC(=O)O)C(=O)N[C@@H](CC(N)=O)C(=O)NCC(N)=O)NC(=O)[C@H](CCC(N)=O)NC(=O)[C@H](Cc2c[nH]c3ccccc23)NC(=O)[C@H]([C@@H](C)O)NC(=O)[C@H](CCC(N)=O)NC1=O,****,***,,,,,,,,,,,,,,,,,True,False,True,False,90,150,US9624268.csv,0
961,CC(=O)N[C@H]1CCSC[C@@H](C(=O)N[C@@H](Cc2ccc(Cl)cc2)C(=O)N[C@@H](Cc2ccc3ccccc3c2)C(=O)NC(C)(C)C(=O)N[C@@H](CCC(=O)O)C(=O)N[C@@H](CC(N)=O)C(=O)NCC(N)=O)NC(=O)[C@H](CCC(N)=O)NC(=O)[C@H](Cc2c[nH]c3ccccc23)NC(=O)[C@H]([C@@H](C)O)NC(=O)[C@H](CCC(N)=O)NC1=O,*****,***,,,,,,,,,,,,,,,,,True,False,True,False,30,150,US9624268.csv,0
960,CC(=O)N[C@H]1CCSC[C@@H](C(=O)N[C@H](Cc2cccc(C)c2)C(=O)N[C@@H](Cc2ccc3ccccc3c2)C(=O)NC(C)(C)C(=O)N[C@@H](CCC(=O)O)C(=O)N[C@@H](CC(N)=O)C(=O)NCC(N)=O)NC(=O)[C@H](CCC(N)=O)NC(=O)[C@H](Cc2c[nH]c3ccccc23)NC(=O)[C@H]([C@@H](C)O)NC(=O)[C@H](CCC(N)=O)NC1=O,*,****,,,,,,,,,,,,,,,,,True,False,True,False,420,90,US9624268.csv,0
959,CC(=O)N[C@H]1CCSC[C@@H](C(=O)N[C@@H](Cc2ccc(Cl)cc2Cl)C(=O)N[C@@H](Cc2ccc3ccccc3c2)C(=O)NC(C)(C)C(=O)N[C@@H](CCC(=O)O)C(=O)N[C@@H](CC(N)=O)C(=O)NCC(N)=O)NC(=O)[C@H](CCC(N)=O)NC(=O)[C@H](Cc2c[nH]c3ccccc23)NC(=O)[C@H]([C@@H](C)O)NC(=O)[C@H](CCC(N)=O)NC1=O,*,***,,,,,,,,,,,,,,,,,True,False,True,False,420,150,US9624268.csv,0
949,CC(=O)NCCCC[C@H](NC(=O)[C@H](CCC(=O)O)NC(=O)C(C)(C)NC(=O)[C@H](Cc1ccc2ccccc2c1)NC(=O)[C@@H](Cc1ccc(OCCN)cc1)NC(=O)[C@@H]1CSCC[C@H](NC(C)=O)C(=O)N[C@@H](CCC(N)=O)C(=O)N[C@@H]([C@@H](C)O)C(=O)N[C@@H](Cc2c[nH]c3ccccc23)C(=O)N[C@@H](CCC(N)=O)C(=O)N1)C(=O)NCC(N)=O,***,*****,,,,,,,,,,,,,,,,,True,False,True,False,150,30,US9624268.csv,0
940,CC(=O)NCCCC[C@H](NC(=O)[C@@](C)(CCCCN)NC(=O)[C@H](Cc1ccc2ccccc2c1)NC(=O)[C@H](Cc1ccc(O)cc1)NC(=O)[C@@H]1CSCC[C@H](NC(C)=O)C(=O)N[C@@H](CCC(N)=O)C(=O)N[C@@H]([C@@H](C)O)C(=O)N[C@@H](Cc2c[nH]c3ccccc23)C(=O)N[C@@H](CCC(N)=O)C(=O)N1)C(=O)N[C@@H](CC(N)=O)C(=O)NCC(N)=O,****,****,,,,,,,,,,,,,,,,,True,False,True,False,90,90,US9624268.csv,0
927,CC(=O)N[C@H]1CCSC[C@@H](C(=O)N[C@H](Cc2ccc(OCCN)cc2)C(=O)N[C@@H](Cc2ccc3ccccc3c2)C(=O)N[C@](C)(CCCCN)C(=O)N[C@@H](CCCN)C(=O)N[C@@H](CC(N)=O)C(=O)NCC(N)=O)NC(=O)[C@H](CCC(N)=O)NC(=O)[C@H](Cc2c[nH]c3ccccc23)NC(=O)[C@H]([C@@H](C)O)NC(=O)[C@H](CCC(N)=O)NC1=O,**,**,,,,,,,,,,,,,,,,,True,False,True,False,270,270,US9624268.csv,1
919,CC(=O)NCCCC[C@H](NC(=O)[C@@](C)(CCCCN)NC(=O)[C@H](Cc1ccc2ccccc2c1)NC(=O)[C@@H](Cc1ccc(OCCN)cc1)NC(=O)[C@@H]1CSCC[C@H](NC(C)=O)C(=O)N[C@@H](CCC(N)=O)C(=O)N[C@@H]([C@@H](C)O)C(=O)N[C@@H](CCCNC(=N)N)C(=O)N[C@@H](CCC(N)=O)C(=O)N1)C(=O)N[C@@H](CC(N)=O)C(=O)NCC(N)=O,****,*****,,,,,,,,,,,,,,,,,True,False,True,False,90,30,US9624268.csv,0
910,CC(=O)NCCCC[C@H](NC(=O)[C@@](C)(CCCCN)NC(=O)[C@H](Cc1ccc(Cl)c(Cl)c1)NC(=O)[C@@H](Cc1ccc(OCCN)cc1)NC(=O)[C@@H]1CSCC[C@H](NC(C)=O)C(=O)N[C@@H](CN)C(=O)N[C@@H]([C@@H](C)O)C(=O)N[C@@H](Cc2c[nH]c3ccccc23)C(=O)N[C@@H](CCC(N)=O)C(=O)N1)C(=O)N[C@@H](CC(N)=O)C(=O)NCC(N)=O,*****,***,,,,,,,,,,,,,,,,,True,False,True,False,30,150,US9624268.csv,0
909,CC(=O)NCCCC[C@H](NC(=O)[C@@](C)(CCCCN)NC(=O)[C@@H]1Cc2ccccc2CN1C(=O)[C@@H](Cc1ccc(OCCN)cc1)NC(=O)[C@@H]1CSCC[C@H](NC(C)=O)C(=O)N[C@@H](CN)C(=O)N[C@@H]([C@@H](C)O)C(=O)N[C@@H](Cc2c[nH]c3ccccc23)C(=O)N[C@@H](CCC(N)=O)C(=O)N1)C(=O)N[C@@H](CC(N)=O)C(=O)NCC(N)=O,***,****,,,,,,,,,,,,,,,,,True,False,True,False,150,90,US9624268.csv,0
908,COc1ccc(C[C@@H](NC(=O)[C@@H](Cc2ccc(OCCN)cc2)NC(=O)[C@@H]2CSCC[C@H](NC(C)=O)C(=O)N[C@@H](CCC(N)=O)C(=O)N[C@@H]([C@@H](C)O)C(=O)N[C@@H](Cc3c[nH]c4ccccc34)C(=O)N[C@@H](CCC(N)=O)C(=O)N2)C(=O)N[C@](C)(CCCCN)C(=O)N[C@@H](CCCCNC(C)=O)C(=O)N[C@@H](CC(N)=O)C(=O)NCC(N)=O)cc1OC,****,*****,,,,,,,,,,,,,,,,,True,False,True,False,90,30,US9624268.csv,0
907,CC(=O)NCCCC[C@H](NC(=O)[C@@](C)(CCCCN)NC(=O)[C@@H](Cc1ccc(CN)cc1)NC(=O)[C@@H](Cc1ccc(OCCN)cc1)NC(=O)[C@@H]1CSCC[C@H](NC(C)=O)C(=O)N[C@@H](CCC(N)=O)C(=O)N[C@@H]([C@@H](C)O)C(=O)N[C@@H](Cc2c[nH]c3ccccc23)C(=O)N[C@@H](CCC(N)=O)C(=O)N1)C(=O)N[C@@H](CC(N)=O)C(=O)NCC(N)=O,**,**,,,,,,,,,,,,,,,,,True,False,True,False,270,270,US9624268.csv,1
906,CC(=O)NCCCC[C@@](C)(NC(=O)[C@H](Cc1ccc2ccccc2c1)NC(=O)[C@@H](Cc1ccc(OCCNC(C)=O)cc1)NC(=O)[C@@H]1CSCC[C@H](NC(C)=O)C(=O)N[C@@H](CCC(N)=O)C(=O)N[C@@H]([C@@H](C)O)C(=O)N[C@@H](Cc2c[nH]c3ccccc23)C(=O)N[C@@H](CCC(N)=O)C(=O)N1)C(=O)N[C@@H](CCC(=O)O)C(=O)N[C@@H](CC(N)=O)C(=O)NCC(N)=O,**,**,,,,,,,,,,,,,,,,,True,False,True,False,270,270,US9624268.csv,1
905,CC(=O)NCCCC[C@H](NC(=O)[C@H](NC(=O)[C@H](Cc1c[nH]c2ccccc12)NC(=O)[C@@H](Cc1ccc(OCCN)cc1)NC(=O)[C@@H]1CSCC[C@H](NC(C)=O)C(=O)N[C@@H](CCC(N)=O)C(=O)N[C@@H]([C@@H](C)O)C(=O)N[C@@H](Cc2c[nH]c3ccccc23)C(=O)N[C@@H](CCC(N)=O)C(=O)N1)C1CCCCC1)C(=O)N[C@@H](CC(N)=O)C(=O)NCC(N)=O,**,**,,,,,,,,,,,,,,,,,True,False,True,False,270,270,US9624268.csv,1
899,CC(=O)N[C@H]1CCSC[C@@H](C(=O)N[C@H](Cc2ccc(OCCN)cc2)C(=O)N[C@@H](Cc2c[nH]c3ccccc23)C(=O)N[C@@H](CCC(C)C)C(=O)N[C@@H](CCC(=O)O)C(=O)N[C@@H](CC(N)=O)C(=O)NCC(N)=O)NC(=O)[C@H](CCC(N)=O)NC(=O)[C@H](Cc2c[nH]c3ccccc23)NC(=O)[C@H]([C@@H](C)O)NC(=O)[C@H](CCC(N)=O)NC1=O,****,*****,,,,,,,,,,,,,,,,,True,False,True,False,90,30,US9624268.csv,0
896,CC(=O)NC[C@H](NC(=O)[C@H](CCCN)NC(=O)[C@H](Cc1c[nH]c2ccccc12)NC(=O)[C@@H](Cc1ccc(OCCN)cc1)NC(=O)[C@@H]1CSCC[C@H](NC(C)=O)C(=O)N[C@@H](CCC(N)=O)C(=O)N[C@@H]([C@@H](C)O)C(=O)N[C@@H](Cc2c[nH]c3ccccc23)C(=O)N[C@@H](CCC(N)=O)C(=O)N1)C(=O)N[C@@H](CC(N)=O)C(=O)NCC(N)=O,*,**,,,,,,,,,,,,,,,,,True,False,True,False,420,270,US9624268.csv,1
895,CC(=O)N[C@H]1CCSC[C@@H](C(=O)N[C@H](Cc2ccc(OCCN)cc2)C(=O)N[C@@H](Cc2c[nH]c3ccccc23)C(=O)N[C@@H](CCCN)C(=O)N[C@@H](CN)C(=O)N[C@@H](CC(N)=O)C(=O)NCC(N)=O)NC(=O)[C@H](CCC(N)=O)NC(=O)[C@H](Cc2c[nH]c3ccccc23)NC(=O)[C@H]([C@@H](C)O)NC(=O)[C@H](CCC(N)=O)NC1=O,*,**,,,,,,,,,,,,,,,,,True,False,True,False,420,270,US9624268.csv,1
894,CC(=O)N[C@H]1CCSC[C@@H](C(=O)N[C@H](Cc2ccc(OCCN)cc2)C(=O)N[C@@H](Cc2c[nH]c3ccccc23)C(=O)N[C@@H](CCCN)C(=O)N[C@@H](CCC(=O)O)C(=O)N[C@@H](CC(N)=O)C(=O)NCC(N)=O)NC(=O)[C@H](CCC(N)=O)NC(=O)[C@H](Cc2c[nH]c3ccccc23)NC(=O)[C@H]([C@@H](C)O)NC(=O)[C@H](CCC(N)=O)NC1=O,**,*****,,,,,,,,,,,,,,,,,True,False,True,False,270,30,US9624268.csv,0
893,CC(=O)NCCCC[C@H](NC(=O)[C@H](CCCN)NC(=O)[C@H](Cc1ccc2ccccc2c1)NC(=O)[C@@H](Cc1ccc(OCCN)cc1)NC(=O)[C@@H]1CSCC[C@H](NC(C)=O)C(=O)N[C@@H](CCC(N)=O)C(=O)N[C@@H]([C@@H](C)O)C(=O)N[C@@H](Cc2c[nH]c3ccccc23)C(=O)N[C@@H](CCC(N)=O)C(=O)N1)C(=O)N[C@@H](CC(N)=O)C(=O)NCC(N)=O,*****,*****,,,,,,,,,,,,,,,,,True,False,True,False,30,30,US9624268.csv,0
886,CC(=O)NCCCC[C@H](NC(=O)[C@@](C)(CCCCN)NC(=O)[C@H](CCc1ccccc1)NC(=O)[C@@H](Cc1ccc(OCCN)cc1)NC(=O)[C@@H]1CSCC[C@H](NC(C)=O)C(=O)N[C@@H](CN)C(=O)N[C@@H]([C@@H](C)O)C(=O)N[C@@H](Cc2c[nH]c3ccccc23)C(=O)N[C@@H](CCC(N)=O)C(=O)N1)C(=O)N[C@@H](CC(N)=O)C(=O)NCC(N)=O,*,*,,,,,,,,,,,,,,,,,True,False,True,False,420,420,US9624268.csv,1
885,CC(=O)NCCCC[C@H](NC(=O)[C@@](C)(CCCCN)NC(=O)[C@@H](Cc1ccc(OCCN)cc1)NC(=O)[C@@H]1CSCC[C@H](NC(C)=O)C(=O)N[C@@H](CCC(N)=O)C(=O)N[C@@H]([C@@H](C)O)C(=O)N[C@@H](Cc2c[nH]c3ccccc23)C(=O)N[C@@H](CCC(N)=O)C(=O)N1)C(=O)N[C@@H](CC(N)=O)C(=O)NCC(N)=O,**,**,,,,,,,,,,,,,,,,,True,False,True,False,270,270,US9624268.csv,1
874,CC(=O)NCCCC[C@H](NC(=O)[C@@](C)(CCCCN)NC(=O)[C@H](Cc1ccc2ccccc2c1)NC(=O)[C@@H](Cc1ccc(OCCN)cc1)NC(=O)[C@@H]1CSCC[C@H](NC(C)=O)C(=O)N[C@@H](CCC(N)=O)C(=O)N[C@@H]([C@@H](C)O)C(=O)N[C@@H](Cc2c[nH]c3ccccc23)C(=O)N[C@@H](CCC(N)=O)C(=O)N1)C(=O)N[C@@H](CC(N)=O)C(=O)NCC(=O)N[C@H](CCCCN)C(N)=O,****,*****,,,,,,,,,,,,,,,,,True,False,True,False,90,30,US9624268.csv,0
873,CC(=O)NCCCC[C@H](NC(=O)[C@@](C)(CCCCN)NC(=O)[C@H](Cc1ccc2ccccc2c1)NC(=O)[C@@H](Cc1ccc(OCCN)cc1)NC(=O)[C@@H]1CSCC[C@H](NC(C)=O)C(=O)N[C@@H](CCC(N)=O)C(=O)N[C@@H]([C@@H](C)O)C(=O)N[C@@H](Cc2c[nH]c3ccccc23)C(=O)N[C@@H](CCC(N)=O)C(=O)N1)C(=O)N[C@@H](CC(N)=O)C(=O)NCC(=O)NCCOCC(=O)N[C@H](CCCCN)C(N)=O,*,*,,,,,,,,,,,,,,,,,True,False,True,False,420,420,US9624268.csv,1
868,CC(=O)N[C@H]1CCSC[C@@H](C(=O)N[C@H](Cc2ccc(OCCN)cc2)C(=O)N[C@@H](Cc2ccc3ccccc3c2)C(=O)N[C@](C)(CCCCN)C(=O)N[C@@H](CNC(=O)[C@@H]2CCC(=O)N2)C(=O)N[C@@H](CC(N)=O)C(=O)NCC(N)=O)NC(=O)[C@H](CCC(N)=O)NC(=O)[C@H](Cc2c[nH]c3ccccc23)NC(=O)[C@H]([C@@H](C)O)NC(=O)[C@H](CCC(N)=O)NC1=O,*****,***,,,,,,,,,,,,,,,,,True,False,True,False,30,150,US9624268.csv,0
867,CC(=O)N[C@H]1CCSC[C@@H](C(=O)N[C@H](Cc2ccc(OCCN)cc2)C(=O)N[C@@H](Cc2ccc3ccccc3c2)C(=O)N[C@](C)(CCCCN)C(=O)N[C@@H](CNC(=O)CCCC(=O)O)C(=O)N[C@@H](CC(N)=O)C(=O)NCC(N)=O)NC(=O)[C@H](CCC(N)=O)NC(=O)[C@H](Cc2c[nH]c3ccccc23)NC(=O)[C@H]([C@@H](C)O)NC(=O)[C@H](CCC(N)=O)NC1=O,***,**,,,,,,,,,,,,,,,,,True,False,True,False,150,270,US9624268.csv,1
866,CC(=O)N[C@H]1CCSC[C@@H](C(=O)N[C@H](Cc2ccc(OCCN)cc2)C(=O)N[C@@H](Cc2ccc3ccccc3c2)C(=O)N[C@](C)(CCCCN)C(=O)N[C@@H](CNC(=O)CCC(=O)O)C(=O)N[C@@H](CC(N)=O)C(=O)NCC(N)=O)NC(=O)[C@H](CCC(N)=O)NC(=O)[C@H](Cc2c[nH]c3ccccc23)NC(=O)[C@H]([C@@H](C)O)NC(=O)[C@H](CCC(N)=O)NC1=O,***,*****,,,,,,,,,,,,,,,,,True,False,True,False,150,30,US9624268.csv,0
855,CC(=O)N[C@H]1CCSC[C@@H](C(=O)N[C@H](Cc2ccc(OCCN)cc2)C(=O)N[C@@H](Cc2ccc3ccccc3c2)C(=O)N[C@](C)(CCCCN)C(=O)N[C@@H](CC(=O)O)C(=O)N[C@@H](CC(N)=O)C(=O)NCC(N)=O)NC(=O)[C@H](CCC(N)=O)NC(=O)[C@H](Cc2c[nH]c3ccccc23)NC(=O)[C@H]([C@@H](C)O)NC(=O)[C@H](CCC(N)=O)NC1=O,*,*,,,,,,,,,,,,,,,,,True,False,True,False,420,420,US9624268.csv,1
823,CCCCCCCC[C@H](NC(=O)[C@H](Cc1ccc(OC)cc1)NC(=O)[C@@H]1CSCC[C@H](NC(C)=O)C(=O)N[C@@H](CCC(N)=O)C(=O)N[C@@H]([C@@H](C)O)C(=O)N[C@@H](Cc2c[nH]c3ccccc23)C(=O)N[C@@H](CCC(N)=O)C(=O)N1)C(=O)N[C@](C)(CCCCN)C(=O)N[C@@H](CCCCNC(C)=O)C(=O)N[C@@H](CC(N)=O)C(=O)NCC(N)=O,*,*,,,,,,,,,,,,,,,,,True,False,True,False,420,420,US9624268.csv,1
814,COc1ccc(C[C@H](NC(=O)[C@@H]2CSCC[C@H](NC(C)=O)C(=O)N[C@@H](CCC(N)=O)C(=O)N[C@@H]([C@@H](C)O)C(=O)N[C@@H](Cc3c[nH]c4ccccc34)C(=O)N[C@@H](CCC(N)=O)C(=O)N2)C(=O)N[C@@H](Cc2ccc3ccccc3c2)C(=O)N[C@](C)(CCCCN)C(=O)N[C@H](C(=O)N[C@@H](CC(N)=O)C(=O)NCC(N)=O)C(C)C)cc1,*,**,,,,,,,,,,,,,,,,,True,False,True,False,420,270,US9624268.csv,1
791,CC(=O)NCCCC[C@H](NC(=O)[C@@](C)(CCCN)NC(=O)[C@H](Cc1ccc2ccccc2c1)NC(=O)[C@H](Cc1ccc2ccccc2c1)NC(=O)[C@@H]1CSCC[C@H](NC(C)=O)C(=O)N[C@@H](CCC(N)=O)C(=O)N[C@@H]([C@@H](C)O)C(=O)N[C@@H](Cc2c[nH]c3ccccc23)C(=O)N[C@@H](CCC(N)=O)C(=O)N1)C(=O)N[C@@H](CC(N)=O)C(=O)NCC(N)=O,****,*****,,,,,,,,,,,,,,,,,True,False,True,False,90,30,US9624268.csv,0
784,CC(=O)N[C@H]1CCSC[C@@H](C(=O)N[C@@H](Cc2ccc(Oc3ccccc3)cc2)C(=O)N[C@@H](Cc2c[nH]c3ccccc23)C(=O)N[C@](C)(CCCCN)C(=O)N[C@@H](CCC(=O)O)C(=O)N[C@@H](CC(N)=O)C(=O)NCC(N)=O)NC(=O)[C@H](CCC(N)=O)NC(=O)[C@H](Cc2c[nH]c3ccccc23)NC(=O)[C@H]([C@@H](C)O)NC(=O)[C@H](CCC(N)=O)NC1=O,***,*****,,,,,,,,,,,,,,,,,True,False,True,False,150,30,US9624268.csv,0
726,COc1ccc(C[C@H](NC(=O)[C@@H]2CSCC[C@H](NC(C)=O)C(=O)N[C@@H](CCC(N)=O)C(=O)N[C@@H]([C@@H](C)O)C(=O)N[C@@H](Cc3c[nH]c4ccccc34)C(=O)N[C@@H](CCC(N)=O)C(=O)N2)C(=O)N[C@H](Cc2ccc(C(C)(C)C)cc2)C(=O)N[C@](C)(CCCCN)C(=O)N[C@@H](CCC(=O)O)C(=O)N[C@@H](CC(N)=O)C(=O)NCC(N)=O)cc1,*,***,,,,,,,,,,,,,,,,,True,False,True,False,420,150,US9624268.csv,0
715,CC(=O)NCCCC[C@H](NC(=O)[C@@](C)(CCCCN)NC(=O)[C@H](Cc1ccc2ccccc2c1)NC(=O)[C@H](Cc1ccc(Oc2ccccc2)cc1)NC(=O)[C@@H]1CSCC[C@H](NC(C)=O)C(=O)N[C@@H](CCC(N)=O)C(=O)N[C@@H]([C@@H](C)O)C(=O)N[C@@H](Cc2c[nH]c3ccccc23)C(=O)N[C@@H](CCC(N)=O)C(=O)N1)C(=O)N[C@@H](CC(N)=O)C(=O)NCC(N)=O,**,***,,,,,,,,,,,,,,,,,True,False,True,False,270,150,US9624268.csv,0
714,COc1ccc(C[C@H](NC(=O)[C@@H]2CSCC[C@H](NC(C)=O)C(=O)N[C@@H](CCC(N)=O)C(=O)N[C@@H]([C@@H](C)O)C(=O)N[C@@H](Cc3c[nH]c4ccccc34)C(=O)N[C@@H](CCC(N)=O)C(=O)N2)C(=O)N[C@@H](Cc2ccc3ccccc3c2)C(=O)N[C@H](CC(N)=O)C(=O)N[C@@H](CCCCNC(C)=O)C(=O)N[C@@H](CC(N)=O)C(=O)NCC(N)=O)cc1,**,***,,,,,,,,,,,,,,,,,True,False,True,False,270,150,US9624268.csv,0
712,COc1ccc(C[C@H](NC(=O)[C@@H]2CSCC[C@H](NC(C)=O)C(=O)N[C@@H](CCC(N)=O)C(=O)N[C@@H]([C@@H](C)O)C(=O)N[C@@H](Cc3c[nH]c4ccccc34)C(=O)N[C@@H](CCC(N)=O)C(=O)N2)C(=O)N[C@@H](Cc2ccc3ccccc3c2)C(=O)N[C@](C)(CCCCN)C(=O)N[C@@H](CCCCNC(C)=O)C(=O)N[C@@H](CC(N)=O)C(=O)NCC(N)=O)cc1,***,*****,,,,,,,,,,,,,,,,,True,False,True,False,150,30,US9624268.csv,0
706,COc1ccc(C[C@H](NC(=O)[C@@H]2CSCC[C@H](NC(C)=O)C(=O)N[C@@H](CCC(N)=O)C(=O)N[C@@H]([C@@H](C)O)C(=O)N[C@@H](Cc3c[nH]c4ccccc34)C(=O)N[C@@H](CCC(N)=O)C(=O)N2)C(=O)N[C@@H](Cc2ccc3ccccc3c2)C(=O)N[C@](C)(CCCN)C(=O)N[C@@H](CCC(=O)O)C(=O)N[C@@H](CC(N)=O)C(=O)NCC(N)=O)cc1,**,*****,,,,,,,,,,,,,,,,,True,False,True,False,270,30,US9624268.csv,0
705,COc1ccc(C[C@H](NC(=O)[C@@H]2CSCC[C@H](NC(C)=O)C(=O)N[C@@H](CCC(N)=O)C(=O)N[C@@H]([C@@H](C)O)C(=O)N[C@@H](Cc3c[nH]c4ccccc34)C(=O)N[C@@H](CCC(N)=O)C(=O)N2)C(=O)N[C@@H](Cc2ccc3ccccc3c2)C(=O)N[C@](C)(CCCCN)C(=O)N[C@@H](CCC(=O)O)C(=O)N[C@@H](CC(N)=O)C(=O)NCC(N)=O)cc1,*,*****,,,,,,,,,,,,,,,,,True,False,True,False,420,30,US9624268.csv,0
704,CC(=O)N[C@H]1CCSC[C@@H](C(=O)N[C@@H](Cc2ccc(O)cc2)C(=O)N[C@@H](Cc2ccc3ccccc3c2)C(=O)N[C@](C)(CCCCN)C(=O)N[C@@H](CCC(=O)O)C(=O)N[C@@H](CC(N)=O)C(=O)NCC(N)=O)NC(=O)[C@H](CCC(N)=O)NC(=O)[C@H](Cc2c[nH]c3ccccc23)NC(=O)[C@H]([C@@H](C)O)NC(=O)[C@H](CCC(N)=O)NC1=O,*,*****,,,,,,,,,,,,,,,,,True,False,True,False,420,30,US9624268.csv,0
703,CC(=O)N[C@H]1CCSC[C@@H](C(=O)N[C@@H](Cc2ccc(O)cc2)C(=O)N[C@@H](Cc2c[nH]c3ccccc23)C(=O)N[C@](C)(CC(C)C)C(=O)N[C@@H](CCC(=O)O)C(=O)N[C@@H](CC(N)=O)C(=O)NCC(N)=O)NC(=O)[C@H](CCC(N)=O)NC(=O)[C@H](Cc2c[nH]c3ccccc23)NC(=O)[C@H]([C@@H](C)O)NC(=O)[C@H](CCC(N)=O)NC1=O,*,*****,,,,,,,,,,,,,,,,,True,False,True,False,420,30,US9624268.csv,0
701,CC(=O)N[C@H]1CCSC(C)(C)[C@@H](C(=O)N[C@@H](Cc2ccc(O)cc2)C(=O)N[C@@H](Cc2c[nH]c3ccccc23)C(=O)N[C@@H](CCC(C)C)C(=O)N[C@@H](CCC(=O)O)C(=O)N[C@@H](CC(N)=O)C(=O)NCC(N)=O)NC(=O)[C@H](CCC(N)=O)NC(=O)[C@H](Cc2c[nH]c3ccccc23)NC(=O)[C@H]([C@@H](C)O)NC(=O)[C@H](CCC(N)=O)NC1=O,**,*****,,,,,,,,,,,,,,,,,True,False,True,False,270,30,US9624268.csv,0
700,CC(=O)N[C@H]1CCSC[C@H](C(=O)N[C@@H](Cc2ccc(O)cc2)C(=O)N[C@@H](Cc2c[nH]c3ccccc23)C(=O)N[C@@H](CCC(C)C)C(=O)N[C@@H](CCC(=O)O)C(=O)N[C@@H](CC(N)=O)C(=O)NCC(N)=O)NC(=O)[C@H](CCC(N)=O)NC(=O)[C@H](Cc2c[nH]c3ccccc23)NC(=O)[C@H]([C@@H](C)O)NC(=O)[C@H](CCC(N)=O)NC1=O,***,*****,,,,,,,,,,,,,,,,,True,False,True,False,150,30,US9624268.csv,0
670,COc1ccc(C[C@@H](NC(=O)[C@@H](Cc2ccc(CN)cc2)NC(=O)[C@H]2NC(=O)[C@H](CCC(N)=O)NC(=O)[C@H](Cc3c[nH]c4ccccc34)NC(=O)[C@H]([C@@H](C)O)NC(=O)[C@H](CCC(N)=O)NC(=O)[C@@H](NC(C)=O)C(C)(C)SSC2(C)C)C(=O)N[C@@](C)(C(=O)N[C@@H](CCCCNC(C)=O)C(=O)N[C@@H](CC(N)=O)C(=O)N[C@@H](CC(N)=O)C(N)=O)C(C)C)cc1OC,*,**,,,,,,,,,,,,,,,,,True,False,True,True,420,270,US9624268.csv,1
653,COc1ccc(C[C@H](NC(=O)[C@H]2NC(=O)[C@H](CCC(N)=O)NC(=O)[C@H](Cc3c[nH]c4ccccc34)NC(=O)[C@H]([C@@H](C)O)NC(=O)[C@H](CCC(N)=O)NC(=O)[C@@H](NC(C)=O)C(C)(C)SSC2(C)C)C(=O)N[C@@H](Cc2ccc3ccccc3c2)C(=O)N[C@@](C)(C(=O)N[C@@H](CCCCNC(C)=O)C(=O)N[C@@H](CC(N)=O)C(=O)N[C@@H](CC(N)=O)C(=O)N[C@H](CCCCN)C(N)=O)C(C)C)cc1,*,**,,,,,,,,,,,,,,,,,True,False,True,True,420,270,US9624268.csv,1
635,COc1ccc(C[C@H](NC(=O)[C@H]2NC(=O)[C@H](CCC(N)=O)NC(=O)[C@H](Cc3c[nH]c4ccccc34)NC(=O)[C@H]([C@@H](C)O)NC(=O)[C@H](CC(N)=O)NC(=O)[C@@H](NC(C)=O)C(C)(C)SSC2(C)C)C(=O)N[C@@H](Cc2ccc3ccccc3c2)C(=O)NC(C)(C)C(=O)N[C@@H](CCCCNC(C)=O)C(=O)N[C@@H](CC(N)=O)C(=O)N[C@@H](C)C(N)=O)cc1,*****,*****,,,,,,,,,,,,,,,,,True,False,True,True,30,30,US9624268.csv,0
634,CC(=O)NCCCC[C@H](NC(=O)C(C)(C)NC(=O)[C@H](Cc1ccc2ccccc2c1)NC(=O)[C@@H](Cc1ccc(OCCN)cc1)NC(=O)[C@H]1NC(=O)[C@H](CCC(N)=O)NC(=O)[C@H](Cc2c[nH]c3ccccc23)NC(=O)[C@H]([C@@H](C)O)NC(=O)[C@H](CC(N)=O)NC(=O)[C@@H](NC(C)=O)C(C)(C)SSC1(C)C)C(=O)N[C@@H](CC(N)=O)C(=O)N[C@@H](CCC(N)=O)C(N)=O,*****,*****,,,,,,,,,,,,,,,,,True,False,True,True,30,30,US9624268.csv,0
633,COc1ccc(C[C@H](NC(=O)[C@H]2NC(=O)[C@H](CCC(N)=O)NC(=O)[C@H](Cc3c[nH]c4ccccc34)NC(=O)[C@H]([C@@H](C)O)NC(=O)[C@H](CC(N)=O)NC(=O)[C@@H](NC(C)=O)C(C)(C)SSC2(C)C)C(=O)N[C@@H](Cc2ccc3ccccc3c2)C(=O)NC(C)(C)C(=O)N[C@@H](CCCCNC(C)=O)C(=O)N[C@@H](CC(N)=O)C(=O)NCCC(N)=O)cc1,*,*,,,,,,,,,,,,,,,,,True,False,True,True,420,420,US9624268.csv,1
632,CC(=O)NCCCC[C@H](NC(=O)C(C)(C)NC(=O)[C@H](Cc1ccc2ccccc2c1)NC(=O)[C@@H](Cc1ccc(OCCN)cc1)NC(=O)[C@H]1NC(=O)[C@H](CCC(N)=O)NC(=O)[C@H](Cc2c[nH]c3ccccc23)NC(=O)[C@H]([C@@H](C)O)NC(=O)[C@H](CC(N)=O)NC(=O)[C@@H](NC(C)=O)C(C)(C)SSC1(C)C)C(=O)N[C@@H](CC(N)=O)C(=O)N[C@@H](CC(N)=O)C(N)=O,*,*,,,,,,,,,,,,,,,,,True,False,True,True,420,420,US9624268.csv,1
631,CC(=O)N[C@@H]1C(=O)N[C@@H](CC(N)=O)C(=O)N[C@@H]([C@@H](C)O)C(=O)N[C@@H](Cc2c[nH]c3ccccc23)C(=O)N[C@@H](CCC(N)=O)C(=O)N[C@H](C(=O)N[C@H](Cc2ccc(OCCN)cc2)C(=O)N[C@@H](Cc2ccc3ccccc3c2)C(=O)N[C@@H](CCC(C)C)C(=O)N[C@@H](CCC(=O)O)C(=O)N[C@@H](CC(N)=O)C(=O)N[C@@H](C)C(N)=O)C(C)(C)SSC1(C)C,*,*,,,,,,,,,,,,,,,,,True,False,True,True,420,420,US9624268.csv,1
630,COc1ccc(C[C@H](NC(=O)[C@H]2NC(=O)[C@H](CCC(N)=O)NC(=O)[C@H](Cc3c[nH]c4ccccc34)NC(=O)[C@H]([C@@H](C)O)NC(=O)[C@H](CC(N)=O)NC(=O)[C@@H](NC(C)=O)C(C)(C)SSC2(C)C)C(=O)N[C@@H](Cc2ccc3ccccc3c2)C(=O)NC(C)(C)C(=O)N[C@@H](CCC(=O)O)C(=O)N[C@@H](CC(N)=O)C(=O)N[C@@H](CC(N)=O)C(N)=O)cc1,*,*,,,,,,,,,,,,,,,,,True,False,True,True,420,420,US9624268.csv,1
628,CC(=O)NCCCC[C@H](NC(=O)C(C)(C)NC(=O)[C@H](Cc1ccc2ccccc2c1)NC(=O)[C@@H](Cc1ccc(OCCN)cc1)NC(=O)[C@H]1NC(=O)[C@H](CCC(N)=O)NC(=O)[C@H](Cc2c[nH]c3ccccc23)NC(=O)[C@H]([C@@H](C)O)NC(=O)[C@H](CCC(N)=O)NC(=O)[C@@H](NC(C)=O)C(C)(C)SSC1(C)C)C(=O)N[C@@H](CC(N)=O)C(=O)NCCC(N)=O,*,*,,,,,,,,,,,,,,,,,True,False,True,True,420,420,US9624268.csv,1
627,COc1ccc(C[C@H](NC(=O)[C@H]2NC(=O)[C@H](CCC(N)=O)NC(=O)[C@H](Cc3c[nH]c4ccccc34)NC(=O)[C@H]([C@@H](C)O)NC(=O)[C@H](CCC(N)=O)NC(=O)[C@@H](NC(C)=O)C(C)(C)SSC2(C)C)C(=O)N[C@@H](Cc2ccc3ccccc3c2)C(=O)N[C@@H](CCC(C)C)C(=O)N[C@@H](CCCCNC(C)=O)C(=O)N[C@@H](CC(N)=O)C(=O)NCCC(N)=O)cc1,**,*,,,,,,,,,,,,,,,,,True,False,True,True,270,420,US9624268.csv,1
626,CC(=O)NCCCC[C@H](NC(=O)[C@H](CCC(C)C)NC(=O)[C@H](Cc1ccc2ccccc2c1)NC(=O)[C@@H](Cc1ccc(OCCN)cc1)NC(=O)[C@H]1NC(=O)[C@H](CCC(N)=O)NC(=O)[C@H](Cc2c[nH]c3ccccc23)NC(=O)[C@H]([C@@H](C)O)NC(=O)[C@H](CCC(N)=O)NC(=O)[C@@H](NC(C)=O)C(C)(C)SSC1(C)C)C(=O)N[C@@H](CC(N)=O)C(=O)NCCC(N)=O,*,*,,,,,,,,,,,,,,,,,True,False,True,True,420,420,US9624268.csv,1
625,COc1ccc(C[C@H](NC(=O)[C@H]2NC(=O)[C@H](CCC(N)=O)NC(=O)[C@H](Cc3c[nH]c4ccccc34)NC(=O)[C@H]([C@@H](C)O)NC(=O)[C@H](CCC(N)=O)NC(=O)[C@@H](NC(C)=O)C(C)(C)SSC2(C)C)C(=O)N[C@@H](Cc2ccc3ccccc3c2)C(=O)NC(C)(C)C(=O)N[C@@H](CCCCNC(C)=O)C(=O)N[C@@H](CC(N)=O)C(=O)N[C@@H](CC(N)=O)C(N)=O)cc1,****,*****,,,,,,,,,,,,,,,,,True,False,True,True,90,30,US9624268.csv,0
624,CC(=O)NCCCC[C@H](NC(=O)C(C)(C)NC(=O)[C@H](Cc1ccc2ccccc2c1)NC(=O)[C@@H](Cc1ccc(OCCN)cc1)NC(=O)[C@H]1NC(=O)[C@H](CCC(N)=O)NC(=O)[C@H](Cc2c[nH]c3ccccc23)NC(=O)[C@H]([C@@H](C)O)NC(=O)[C@H](CCC(N)=O)NC(=O)[C@@H](NC(C)=O)C(C)(C)SSC1(C)C)C(=O)N[C@@H](CC(N)=O)C(=O)N[C@@H](C)C(N)=O,***,*,,,,,,,,,,,,,,,,,True,False,True,True,150,420,US9624268.csv,1
622,CC(=O)NCCCC[C@H](NC(=O)C(C)(C)NC(=O)[C@H](Cc1ccc2ccccc2c1)NC(=O)[C@@H](Cc1ccc(OCCN)cc1)NC(=O)[C@H]1NC(=O)[C@H](CCC(N)=O)NC(=O)[C@H](Cc2c[nH]c3ccccc23)NC(=O)[C@H]([C@@H](C)O)NC(=O)[C@H]([C@@H](C)O)NC(=O)[C@@H](NC(C)=O)C(C)(C)SSC1(C)C)C(=O)N[C@@H](CC(N)=O)C(=O)N[C@@H](CCC(N)=O)C(N)=O,*,*,,,,,,,,,,,,,,,,,True,False,True,True,420,420,US9624268.csv,1
619,CC(=O)N[C@@H]1C(=O)N[C@@H](CCC(N)=O)C(=O)N[C@@H]([C@@H](C)O)C(=O)N[C@@H](Cc2c[nH]c3ccccc23)C(=O)N[C@@H](CCC(N)=O)C(=O)N[C@H](C(=O)N[C@H](Cc2ccc(OCCN)cc2)C(=O)N[C@@H](Cc2ccc3ccccc3c2)C(=O)N[C@@H](CCC(C)C)C(=O)N[C@@H](CCC(=O)O)C(=O)N[C@@H](CC(N)=O)C(=O)N[C@@H](C)C(N)=O)C(C)(C)SSC1(C)C,**,*,,,,,,,,,,,,,,,,,True,False,True,True,270,420,US9624268.csv,1
614,CC(=O)NCCOc1ccc(C[C@@H](NC(=O)[C@H]2NC(=O)[C@H](CCC(N)=O)NC(=O)[C@H](Cc3c[nH]c4ccccc34)NC(=O)[C@H]([C@@H](C)O)NC(=O)[C@H](CCC(N)=O)NC(=O)[C@@H](NC(C)=O)C(C)(C)SSC2(C)C)C(=O)N[C@@H](Cc2ccc3ccccc3c2)C(=O)N[C@](C)(CC(C)C)C(=O)N[C@@H](CCC(N)=O)C(=O)N[C@@H](CC(N)=O)C(=O)N[C@@H](CC(N)=O)C(N)=O)cc1,*,*,,,,,,,,,,,,,,,,,True,False,True,True,420,420,US9624268.csv,1
613,CC(=O)NCCCC[C@H](NC(=O)[C@@](C)(CC(C)C)NC(=O)[C@H](Cc1ccc2ccccc2c1)NC(=O)[C@@H](Cc1ccc(OCCNC(C)=O)cc1)NC(=O)[C@H]1NC(=O)[C@H](CCC(N)=O)NC(=O)[C@H](Cc2c[nH]c3ccccc23)NC(=O)[C@H]([C@@H](C)O)NC(=O)[C@H](CCC(N)=O)NC(=O)[C@@H](NC(C)=O)C(C)(C)SSC1(C)C)C(=O)N[C@@H](CC(N)=O)C(=O)N[C@@H](CC(N)=O)C(N)=O,*****,*****,,,,,,,,,,,,,,,,,True,False,True,True,30,30,US9624268.csv,0
612,CC(=O)NCCCC[C@@](C)(NC(=O)[C@H](Cc1ccc2ccccc2c1)NC(=O)[C@@H](Cc1ccc(OCCNC(C)=O)cc1)NC(=O)[C@H]1NC(=O)[C@H](CCC(N)=O)NC(=O)[C@H](Cc2c[nH]c3ccccc23)NC(=O)[C@H]([C@@H](C)O)NC(=O)[C@H](CCC(N)=O)NC(=O)[C@@H](NC(C)=O)C(C)(C)SSC1(C)C)C(=O)N[C@@H](CCC(=O)O)C(=O)N[C@@H](CC(N)=O)C(=O)N[C@@H](C)C(N)=O,***,*,,,,,,,,,,,,,,,,,True,False,True,True,150,420,US9624268.csv,1
611,CC(=O)NCCCC[C@@](C)(NC(=O)[C@H](Cc1ccc2ccccc2c1)NC(=O)[C@@H](Cc1ccc(OCCNC(C)=O)cc1)NC(=O)[C@H]1NC(=O)[C@H](CCC(N)=O)NC(=O)[C@H](Cc2c[nH]c3ccccc23)NC(=O)[C@H]([C@@H](C)O)NC(=O)[C@H](CCC(N)=O)NC(=O)[C@@H](NC(C)=O)C(C)(C)SSC1(C)C)C(=O)N[C@@H](CCC(=O)O)C(=O)N[C@@H](CC(N)=O)C(=O)NCC(N)=O,*,*,,,,,,,,,,,,,,,,,True,False,True,True,420,420,US9624268.csv,1
610,CC(=O)NCCCC[C@H](NC(=O)[C@@](C)(CCCCNC(C)=O)NC(=O)[C@H](Cc1ccc2ccccc2c1)NC(=O)[C@@H](Cc1ccc(OCCNC(C)=O)cc1)NC(=O)[C@H]1NC(=O)[C@H](CCC(N)=O)NC(=O)[C@H](Cc2c[nH]c3ccccc23)NC(=O)[C@H]([C@@H](C)O)NC(=O)[C@H](CCC(N)=O)NC(=O)[C@@H](NC(C)=O)C(C)(C)SSC1(C)C)C(=O)N[C@@H](CC(N)=O)C(=O)N[C@@H](CC(N)=O)C(N)=O,*,*,,,,,,,,,,,,,,,,,True,False,True,True,420,420,US9624268.csv,1
609,CC(=O)NCCCC[C@H](NC(=O)[C@@](C)(CCCCNC(C)=O)NC(=O)[C@H](Cc1ccc2ccccc2c1)NC(=O)[C@@H](Cc1ccc(OCCNC(C)=O)cc1)NC(=O)[C@H]1NC(=O)[C@H](CCC(N)=O)NC(=O)[C@H](Cc2c[nH]c3ccccc23)NC(=O)[C@H]([C@@H](C)O)NC(=O)[C@H](CCC(N)=O)NC(=O)[C@@H](NC(C)=O)C(C)(C)SSC1(C)C)C(=O)N[C@@H](CC(N)=O)C(=O)NCC(N)=O,*,*,,,,,,,,,,,,,,,,,True,False,True,True,420,420,US9624268.csv,1
608,CC(=O)NCCCC[C@@](C)(NC(=O)[C@H](Cc1ccc2ccccc2c1)NC(=O)[C@@H](Cc1ccc(OCCNC(C)=O)cc1)NC(=O)[C@H]1NC(=O)[C@H](CCC(N)=O)NC(=O)[C@H](Cc2c[nH]c3ccccc23)NC(=O)[C@H]([C@@H](C)O)NC(=O)[C@@](C)(CCCNC(C)=O)NC(=O)[C@@H](NC(C)=O)C(C)(C)SSC1(C)C)C(=O)N[C@@H](CCC(=O)O)C(=O)N[C@@H](CC(N)=O)C(=O)NCC(N)=O,*,*,,,,,,,,,,,,,,,,,True,False,True,True,420,420,US9624268.csv,1
607,CC(=O)NCCCC[C@@](C)(NC(=O)[C@H](Cc1ccc2ccccc2c1)NC(=O)[C@@H](Cc1ccc(OCCNC(C)=O)cc1)NC(=O)[C@H]1NC(=O)[C@H](CCC(N)=O)NC(=O)[C@H](Cc2c[nH]c3ccccc23)NC(=O)[C@H]([C@@H](C)O)NC(=O)[C@H](CNC(C)=O)NC(=O)[C@@H](NC(C)=O)C(C)(C)SSC1(C)C)C(=O)N[C@@H](CCC(=O)O)C(=O)N[C@@H](CC(N)=O)C(=O)NCC(N)=O,*,*,,,,,,,,,,,,,,,,,True,False,True,True,420,420,US9624268.csv,1
606,CC(=O)NCCCC[C@H](NC(=O)C(C)(C)NC(=O)[C@H](Cc1ccc2ccccc2c1)NC(=O)[C@@H](Cc1ccc(OCCN)cc1)NC(=O)[C@H]1NC(=O)[C@H](CCC(N)=O)NC(=O)[C@H](Cc2c[nH]c3ccccc23)NC(=O)[C@H]([C@@H](C)O)NC(=O)[C@H](CCC(N)=O)NC(=O)[C@@H](NC(C)=O)C(C)(C)SSC1(C)C)C(=O)N[C@@H](CC(N)=O)C(=O)N[C@@H](CCC(N)=O)C(N)=O,*,*,,,,,,,,,,,,,,,,,True,False,True,True,420,420,US9624268.csv,1
605,CC(=O)NCCCC[C@H](NC(=O)C(C)(C)NC(=O)[C@H](Cc1ccc2ccccc2c1)NC(=O)[C@@H](Cc1ccc(OCCN)cc1)NC(=O)[C@H]1NC(=O)[C@H](CCC(N)=O)NC(=O)[C@H](Cc2c[nH]c3ccccc23)NC(=O)[C@H]([C@@H](C)O)NC(=O)[C@H](CCC(N)=O)NC(=O)[C@@H](NC(C)=O)C(C)(C)SSC1(C)C)C(=O)N[C@@H](CC(N)=O)C(=O)N[C@@H](CC(N)=O)C(N)=O,**,*,,,,,,,,,,,,,,,,,True,False,True,True,270,420,US9624268.csv,1
604,CC(=O)N[C@@H]1C(=O)N[C@@H](CCC(N)=O)C(=O)N[C@@H]([C@@H](C)O)C(=O)N[C@@H](Cc2c[nH]c3ccccc23)C(=O)N[C@@H](CCC(N)=O)C(=O)N[C@H](C(=O)N[C@H](Cc2ccc(OCCN)cc2)C(=O)N[C@@H](Cc2ccc3ccccc3c2)C(=O)NC(C)(C)C(=O)N[C@@H](CCC(=O)O)C(=O)N[C@@H](CC(N)=O)C(=O)N[C@@H](CC(N)=O)C(N)=O)C(C)(C)SSC1(C)C,*,*,,,,,,,,,,,,,,,,,True,False,True,True,420,420,US9624268.csv,1
603,CC(=O)N[C@@H]1C(=O)N[C@@H](CCC(N)=O)C(=O)N[C@@H]([C@@H](C)O)C(=O)N[C@@H](Cc2c[nH]c3ccccc23)C(=O)N[C@@H](CCC(N)=O)C(=O)N[C@H](C(=O)N[C@H](Cc2ccc(OCCN)cc2)C(=O)N[C@@H](Cc2ccc3ccccc3c2)C(=O)N[C@](C)(CC(C)C)C(=O)N[C@@H](CCC(N)=O)C(=O)N[C@@H](CC(N)=O)C(=O)N[C@@H](CC(N)=O)C(N)=O)C(C)(C)SSC1(C)C,*,*,,,,,,,,,,,,,,,,,True,False,True,True,420,420,US9624268.csv,1
602,CC(=O)NCCCC[C@H](NC(=O)[C@@](C)(CC(C)C)NC(=O)[C@H](Cc1ccc2ccccc2c1)NC(=O)[C@@H](Cc1ccc(OCCN)cc1)NC(=O)[C@H]1NC(=O)[C@H](CCC(N)=O)NC(=O)[C@H](Cc2c[nH]c3ccccc23)NC(=O)[C@H]([C@@H](C)O)NC(=O)[C@H](CCC(N)=O)NC(=O)[C@@H](NC(C)=O)C(C)(C)SSC1(C)C)C(=O)N[C@@H](CC(N)=O)C(=O)N[C@@H](CC(N)=O)C(N)=O,****,**,,,,,,,,,,,,,,,,,True,False,True,True,90,270,US9624268.csv,1
601,CC(=O)N[C@@H]1C(=O)N[C@@H](CCC(N)=O)C(=O)N[C@@H]([C@@H](C)O)C(=O)N[C@@H](Cc2c[nH]c3ccccc23)C(=O)N[C@@H](CCC(N)=O)C(=O)N[C@H](C(=O)N[C@H](Cc2ccc(OCCN)cc2)C(=O)N[C@@H](Cc2ccc3ccccc3c2)C(=O)N[C@](C)(CCCCN)C(=O)N[C@@H](CCC(=O)O)C(=O)N[C@@H](CC(N)=O)C(=O)N[C@@H](C)C(N)=O)C(C)(C)SSC1(C)C,*,*,,,,,,,,,,,,,,,,,True,False,True,True,420,420,US9624268.csv,1
600,CC(=O)N[C@@H]1C(=O)N[C@@H](CCC(N)=O)C(=O)N[C@@H]([C@@H](C)O)C(=O)N[C@@H](Cc2c[nH]c3ccccc23)C(=O)N[C@@H](CCC(N)=O)C(=O)N[C@H](C(=O)N[C@H](Cc2ccc(OCCN)cc2)C(=O)N[C@@H](Cc2ccc3ccccc3c2)C(=O)N[C@](C)(CCCCN)C(=O)N[C@@H](CCC(=O)O)C(=O)N[C@@H](CC(N)=O)C(=O)NCC(N)=O)C(C)(C)SSC1(C)C,*,*,,,,,,,,,,,,,,,,,True,False,True,True,420,420,US9624268.csv,1
599,CC(=O)NCCCC[C@H](NC(=O)[C@@](C)(CCCCN)NC(=O)[C@H](Cc1ccc2ccccc2c1)NC(=O)[C@@H](Cc1ccc(OCCN)cc1)NC(=O)[C@H]1NC(=O)[C@H](CCC(N)=O)NC(=O)[C@H](Cc2c[nH]c3ccccc23)NC(=O)[C@H]([C@@H](C)O)NC(=O)[C@H](CCC(N)=O)NC(=O)[C@@H](NC(C)=O)C(C)(C)SSC1(C)C)C(=O)N[C@@H](CC(N)=O)C(=O)N[C@@H](CC(N)=O)C(N)=O,***,**,,,,,,,,,,,,,,,,,True,False,True,True,150,270,US9624268.csv,1
598,CC(=O)NCCCC[C@H](NC(=O)[C@@](C)(CCCCN)NC(=O)[C@H](Cc1ccc2ccccc2c1)NC(=O)[C@@H](Cc1ccc(OCCN)cc1)NC(=O)[C@H]1NC(=O)[C@H](CCC(N)=O)NC(=O)[C@H](Cc2c[nH]c3ccccc23)NC(=O)[C@H]([C@@H](C)O)NC(=O)[C@H](CCC(N)=O)NC(=O)[C@@H](NC(C)=O)C(C)(C)SSC1(C)C)C(=O)N[C@@H](CC(N)=O)C(=O)NCC(N)=O,*,*,,,,,,,,,,,,,,,,,True,False,True,True,420,420,US9624268.csv,1
597,CC(=O)N[C@@H]1C(=O)N[C@@H](CC(N)=O)C(=O)N[C@@H]([C@@H](C)O)C(=O)N[C@@H](Cc2c[nH]c3ccccc23)C(=O)N[C@@H](CCC(N)=O)C(=O)N[C@H](C(=O)N[C@H](Cc2ccc(OCCN)cc2)C(=O)N[C@@H](Cc2ccc3ccccc3c2)C(=O)N[C@](C)(CCCCN)C(=O)N[C@@H](CCC(=O)O)C(=O)N[C@@H](CC(N)=O)C(=O)NCC(N)=O)C(C)(C)SSC1(C)C,*,*,,,,,,,,,,,,,,,,,True,False,True,True,420,420,US9624268.csv,1
596,CC(=O)N[C@@H]1C(=O)N[C@](C)(CCCN)C(=O)N[C@@H]([C@@H](C)O)C(=O)N[C@@H](Cc2c[nH]c3ccccc23)C(=O)N[C@@H](CCC(N)=O)C(=O)N[C@H](C(=O)N[C@H](Cc2ccc(OCCN)cc2)C(=O)N[C@@H](Cc2ccc3ccccc3c2)C(=O)N[C@](C)(CCCCN)C(=O)N[C@@H](CCC(=O)O)C(=O)N[C@@H](CC(N)=O)C(=O)NCC(N)=O)C(C)(C)SSC1(C)C,***,**,,,,,,,,,,,,,,,,,True,False,True,True,150,270,US9624268.csv,1
595,CC(=O)N[C@@H]1C(=O)N[C@@H](CN)C(=O)N[C@@H]([C@@H](C)O)C(=O)N[C@@H](Cc2c[nH]c3ccccc23)C(=O)N[C@@H](CCC(N)=O)C(=O)N[C@H](C(=O)N[C@H](Cc2ccc(OCCN)cc2)C(=O)N[C@@H](Cc2ccc3ccccc3c2)C(=O)N[C@](C)(CCCCN)C(=O)N[C@@H](CCC(=O)O)C(=O)N[C@@H](CC(N)=O)C(=O)NCC(N)=O)C(C)(C)SSC1(C)C,*,*,,,,,,,,,,,,,,,,,True,False,True,True,420,420,US9624268.csv,1
578,CC(=O)N[C@@H]1C(=O)N[C@@H](CCC(N)=O)C(=O)N[C@@H]([C@@H](C)O)C(=O)N[C@@H](Cc2c[nH]c3ccccc23)C(=O)N[C@@H](CCC(N)=O)C(=O)N[C@H](C(=O)N[C@H](Cc2ccc(C(C)(C)F)cc2)C(=O)N[C@@H](Cc2ccc3ccccc3c2)C(=O)N[C@](C)(CCCCN)C(=O)N[C@@H](CCC(=O)O)C(=O)N[C@@H](CC(N)=O)C(=O)NCC(N)=O)C(C)(C)SSC1(C)C,*,**,,,,,,,,,,,,,,,,,True,False,True,True,420,270,US9624268.csv,1
559,CC(=O)N[C@@H]1C(=O)N[C@@H](CCC(N)=O)C(=O)N[C@@H]([C@@H](C)O)C(=O)N[C@@H](Cc2c[nH]c3ccccc23)C(=O)N[C@@H](CCC(N)=O)C(=O)N[C@H](C(=O)N[C@@H](Cc2ccc(O)cc2)C(=O)N[C@@H](Cc2ccc3ccccc3c2)C(=O)N[C@](C)(CCCN)C(=O)N[C@@H](CCC(=O)O)C(=O)N[C@@H](CC(N)=O)C(=O)NCC(N)=O)C(C)(C)SSC1(C)C,*,*,,,,,,,,,,,,,,,,,True,False,True,True,420,420,US9624268.csv,1
557,COc1ccc(C[C@H](NC(=O)[C@H]2NC(=O)[C@H](CCC(N)=O)NC(=O)[C@H](Cc3c[nH]c4ccccc34)NC(=O)[C@H]([C@@H](C)O)NC(=O)[C@H](CCC(N)=O)NC(=O)[C@@H](NC(C)=O)C(C)(C)SSC2(C)C)C(=O)N[C@@H](Cc2ccc3ccccc3c2)C(=O)N[C@](C)(CCCCN)C(=O)N[C@@H](CCC(=O)O)C(=O)N[C@@H](CC(N)=O)C(=O)NCC(N)=O)cc1,*,*,,,,,,,,,,,,,,,,,True,False,True,True,420,420,US9624268.csv,1
551,CC(=O)N[C@@H]1C(=O)N[C@@H](CCC(N)=O)C(=O)N[C@@H]([C@@H](C)O)C(=O)N[C@@H](Cc2c[nH]c3ccccc23)C(=O)N[C@@H](CCC(N)=O)C(=O)N[C@H](C(=O)N[C@@H](Cc2ccc(O)cc2)C(=O)N[C@@H](Cc2c[nH]c3ccccc23)C(=O)N[C@@H](CCC(C)C)C(=O)N[C@@H](CCC(=O)O)C(=O)N[C@@H](CC(N)=O)C(=O)NCC(N)=O)C(C)(C)SSC1(C)C,**,***,,,,,,,,,,,,,,,,,True,False,True,True,270,150,US9624268.csv,0
557.0,COc1ccc(C[C@H](NC(=O)[C@H]2NC(=O)[C@H](CCC(N)=O)NC(=O)[C@H](Cc3c[nH]c4ccccc34)NC(=O)[C@H]([C@@H](C)O)NC(=O)[C@H](CCC(N)=O)NC(=O)[C@@H](NC(C)=O)C(C)(C)SSC2(C)C)C(=O)N[C@@H](Cc2ccc3ccccc3c2)C(=O)N[C@@](C)(CCCCN)C(=O)N[C@@H](CCC(=O)O)C(=O)N[C@@H](CC(N)=O)C(=O)NCC(N)=O)cc1,**,***,,,,,,,,,,,,,,,,,True,False,True,True,270,150,WO2017011820A2.csv,0
563.0,CC(=O)NCCCC[C@H](NC(=O)[C@](C)(CCCCN)NC(=O)[C@H](Cc1c[nH]c2ccccc12)NC(=O)[C@H](Cc1ccc(O)cc1)NC(=O)[C@H]1NC(=O)[C@H](CCC(N)=O)NC(=O)[C@H](Cc2c[nH]c3ccccc23)NC(=O)[C@H]([C@@H](C)O)NC(=O)[C@H](CCC(N)=O)NC(=O)[C@@H](NC(C)=O)C(C)(C)SSC1(C)C)C(=O)N[C@@H](CC(N)=O)C(=O)NCC(N)=O,*,*,,,,,,,,,,,,,,,,,True,False,True,True,420,420,WO2017011820A2.csv,1
565.0,COc1ccc(C[C@H](NC(=O)[C@H]2NC(=O)[C@H](CCC(N)=O)NC(=O)[C@H](Cc3c[nH]c4ccccc34)NC(=O)[C@H]([C@@H](C)O)NC(=O)[C@H](CCC(N)=O)NC(=O)[C@@H](NC(C)=O)C(C)(C)SSC2(C)C)C(=O)N[C@@H](Cc2ccc3ccccc3c2)C(=O)N[C@@](C)(CCCCN)C(=O)N[C@@H](CCCCNC(C)=O)C(=O)N[C@@H](CC(N)=O)C(=O)NCC(N)=O)cc1,*,*,,,,,,,,,,,,,,,,,True,False,True,True,420,420,WO2017011820A2.csv,1
585.0,COc1ccc(C[C@H](NC(=O)[C@H]2NC(=O)[C@H](CCC(N)=O)NC(=O)[C@H](Cc3c[nH]c4ccccc34)NC(=O)[C@H]([C@@H](C)O)NC(=O)[C@H](CCC(N)=O)NC(=O)[C@@H](NC(=O)[C@@H]3CCC(=O)N3)C(C)(C)SSC2(C)C)C(=O)N[C@@H](Cc2ccc3ccccc3c2)C(=O)N[C@@](C)(CCCCN)C(=O)N[C@@H](CCCCNC(C)=O)C(=O)N[C@@H](CC(N)=O)C(=O)NCC(N)=O)cc1,*,**,,,,,,,,,,,,,,,,,True,False,True,True,420,270,WO2017011820A2.csv,1
1034.0,CC(=O)NCCCC[C@H](NC(=O)[C@](C)(CCCCN)NC(=O)[C@H](Cc1ccc2ccccc2c1)NC(=O)[C@H](Cc1ccc(OCCN)cc1)NC(=O)[C@H]1NC(=O)[C@H](CCC(N)=O)NC(=O)[C@H](Cc2c[nH]c3ccccc23)NC(=O)[C@H]([C@@H](C)O)NC(=O)[C@H](CCC(N)=O)NC(=O)[C@@H](NC(C)=O)C(C)(C)SSC1(C)C)C(=O)N[C@@H](CC(N)=O)C(=O)N[C@@H](CC(N)=O)C(N)=O,*,*,,,,,,,,,,,,,,,,,True,False,True,True,420,420,WO2017011820A2.csv,1
601.0,CC(=O)N[C@@H]1C(=O)N[C@@H](CCC(N)=O)C(=O)N[C@@H]([C@@H](C)O)C(=O)N[C@@H](Cc2c[nH]c3ccccc23)C(=O)N[C@@H](CCC(N)=O)C(=O)N[C@H](C(=O)N[C@@H](Cc2ccc(OCCN)cc2)C(=O)N[C@@H](Cc2ccc3ccccc3c2)C(=O)N[C@@](C)(CC(C)C)C(=O)N[C@@H](CCC(=O)O)C(=O)N[C@@H](CC(N)=O)C(=O)N[C@@H](C)C(N)=O)C(C)(C)SSC1(C)C,*,*,,,,,,,,,,,,,,,,,True,False,True,True,420,420,WO2017011820A2.csv,1
602.0,CC(=O)NCCCC[C@H](NC(=O)[C@](C)(CC(C)C)NC(=O)[C@H](Cc1ccc2ccccc2c1)NC(=O)[C@H](Cc1ccc(OCCN)cc1)NC(=O)[C@H]1NC(=O)[C@H](CCC(N)=O)NC(=O)[C@H](Cc2c[nH]c3ccccc23)NC(=O)[C@H]([C@@H](C)O)NC(=O)[C@H](CCC(N)=O)NC(=O)[C@@H](NC(C)=O)C(C)(C)SSC1(C)C)C(=O)N[C@@H](CC(N)=O)C(=O)N[C@@H](CC(N)=O)C(N)=O,***,**,,,,,,,,,,,,,,,,,True,False,True,True,150,270,WO2017011820A2.csv,1
603.0,CC(=O)N[C@@H]1C(=O)N[C@@H](CCC(N)=O)C(=O)N[C@@H]([C@@H](C)O)C(=O)N[C@@H](Cc2c[nH]c3ccccc23)C(=O)N[C@@H](CCC(N)=O)C(=O)N[C@H](C(=O)N[C@@H](Cc2ccc(OCCN)cc2)C(=O)N[C@@H](Cc2ccc3ccccc3c2)C(=O)N[C@@](C)(CC(C)C)C(=O)N[C@@H](CCC(N)=O)C(=O)N[C@@H](CC(N)=O)C(=O)N[C@@H](CC(N)=O)C(N)=O)C(C)(C)SSC1(C)C,*,*,,,,,,,,,,,,,,,,,True,False,True,True,420,420,WO2017011820A2.csv,1
604.0,CC(=O)N[C@@H]1C(=O)N[C@@H](CCC(N)=O)C(=O)N[C@@H]([C@@H](C)O)C(=O)N[C@@H](Cc2c[nH]c3ccccc23)C(=O)N[C@@H](CCC(N)=O)C(=O)N[C@H](C(=O)N[C@@H](Cc2ccc(OCCN)cc2)C(=O)N[C@@H](Cc2ccc3ccccc3c2)C(=O)NC(C)(C)C(=O)N[C@@H](CCC(=O)O)C(=O)N[C@@H](CC(N)=O)C(=O)N[C@@H](CC(N)=O)C(N)=O)C(C)(C)SSC1(C)C,*,*,,,,,,,,,,,,,,,,,True,False,True,True,420,420,WO2017011820A2.csv,1
605.0,CC(=O)NCCCC[C@H](NC(=O)C(C)(C)NC(=O)[C@H](Cc1ccc2ccccc2c1)NC(=O)[C@H](Cc1ccc(OCCN)cc1)NC(=O)[C@H]1NC(=O)[C@H](CCC(N)=O)NC(=O)[C@H](Cc2c[nH]c3ccccc23)NC(=O)[C@H]([C@@H](C)O)NC(=O)[C@H](CCC(N)=O)NC(=O)[C@@H](NC(C)=O)C(C)(C)SSC1(C)C)C(=O)N[C@@H](CC(N)=O)C(=O)N[C@@H](CC(N)=O)C(N)=O,***,**,,,,,,,,,,,,,,,,,True,False,True,True,150,270,WO2017011820A2.csv,1
606.0,CC(=O)NCCCC[C@H](NC(=O)C(C)(C)NC(=O)[C@H](Cc1ccc2ccccc2c1)NC(=O)[C@H](Cc1ccc(OCCN)cc1)NC(=O)[C@H]1NC(=O)[C@H](CCC(N)=O)NC(=O)[C@H](Cc2c[nH]c3ccccc23)NC(=O)[C@H]([C@@H](C)O)NC(=O)[C@H](CCC(N)=O)NC(=O)[C@@H](NC(C)=O)C(C)(C)SSC1(C)C)C(=O)N[C@@H](CC(N)=O)C(=O)N[C@@H](CCC(N)=O)C(N)=O,*,*,,,,,,,,,,,,,,,,,True,False,True,True,420,420,WO2017011820A2.csv,1
607.0,CC(=O)NCCCC[C@](C)(NC(=O)[C@H](Cc1ccc2ccccc2c1)NC(=O)[C@H](Cc1ccc(OCCNC(C)=O)cc1)NC(=O)[C@H]1NC(=O)[C@H](CCC(N)=O)NC(=O)[C@H](Cc2c[nH]c3ccccc23)NC(=O)[C@H]([C@@H](C)O)NC(=O)[C@H](CNC(C)=O)NC(=O)[C@@H](NC(C)=O)C(C)(C)SSC1(C)C)C(=O)N[C@@H](CCC(=O)O)C(=O)N[C@@H](CC(N)=O)C(=O)NCC(N)=O,*,*,,,,,,,,,,,,,,,,,True,False,True,True,420,420,WO2017011820A2.csv,1
608.0,CC(=O)NCCCC[C@](C)(NC(=O)[C@H](Cc1ccc2ccccc2c1)NC(=O)[C@H](Cc1ccc(OCCNC(C)=O)cc1)NC(=O)[C@H]1NC(=O)[C@H](CCC(N)=O)NC(=O)[C@H](Cc2c[nH]c3ccccc23)NC(=O)[C@H]([C@@H](C)O)NC(=O)[C@](C)(CCCNC(C)=O)NC(=O)[C@@H](NC(C)=O)C(C)(C)SSC1(C)C)C(=O)N[C@@H](CCC(=O)O)C(=O)N[C@@H](CC(N)=O)C(=O)NCC(N)=O,****,**,,,,,,,,,,,,,,,,,True,False,True,True,90,270,WO2017011820A2.csv,1
609.0,CC(=O)NCCCC[C@H](NC(=O)[C@](C)(CCCCNC(C)=O)NC(=O)[C@H](Cc1ccc2ccccc2c1)NC(=O)[C@H](Cc1ccc(OCCNC(C)=O)cc1)NC(=O)[C@H]1NC(=O)[C@H](CCC(N)=O)NC(=O)[C@H](Cc2c[nH]c3ccccc23)NC(=O)[C@H]([C@@H](C)O)NC(=O)[C@H](CCC(N)=O)NC(=O)[C@@H](NC(C)=O)C(C)(C)SSC1(C)C)C(=O)N[C@@H](CC(N)=O)C(=O)NCC(N)=O,*,*,,,,,,,,,,,,,,,,,True,False,True,True,420,420,WO2017011820A2.csv,1
610.0,CC(=O)NCCCC[C@H](NC(=O)[C@](C)(CCCCNC(C)=O)NC(=O)[C@H](Cc1ccc2ccccc2c1)NC(=O)[C@H](Cc1ccc(OCCNC(C)=O)cc1)NC(=O)[C@H]1NC(=O)[C@H](CCC(N)=O)NC(=O)[C@H](Cc2c[nH]c3ccccc23)NC(=O)[C@H]([C@@H](C)O)NC(=O)[C@H](CCC(N)=O)NC(=O)[C@@H](NC(C)=O)C(C)(C)SSC1(C)C)C(=O)N[C@@H](CC(N)=O)C(=O)N[C@@H](CC(N)=O)C(N)=O,*,*,,,,,,,,,,,,,,,,,True,False,True,True,420,420,WO2017011820A2.csv,1
611.0,CC(=O)NCCCC[C@](C)(NC(=O)[C@H](Cc1ccc2ccccc2c1)NC(=O)[C@H](Cc1ccc(OCCNC(C)=O)cc1)NC(=O)[C@H]1NC(=O)[C@H](CCC(N)=O)NC(=O)[C@H](Cc2c[nH]c3ccccc23)NC(=O)[C@H]([C@@H](C)O)NC(=O)[C@H](CCC(N)=O)NC(=O)[C@@H](NC(C)=O)C(C)(C)SSC1(C)C)C(=O)N[C@@H](CCC(=O)O)C(=O)N[C@@H](CC(N)=O)C(=O)NCC(N)=O,**,*,,,,,,,,,,,,,,,,,True,False,True,True,270,420,WO2017011820A2.csv,1
612.0,CC(=O)NCCCC[C@](C)(NC(=O)[C@H](Cc1ccc2ccccc2c1)NC(=O)[C@H](Cc1ccc(OCCNC(C)=O)cc1)NC(=O)[C@H]1NC(=O)[C@H](CCC(N)=O)NC(=O)[C@H](Cc2c[nH]c3ccccc23)NC(=O)[C@H]([C@@H](C)O)NC(=O)[C@H](CCC(N)=O)NC(=O)[C@@H](NC(C)=O)C(C)(C)SSC1(C)C)C(=O)N[C@@H](CCC(=O)O)C(=O)N[C@@H](CC(N)=O)C(=O)N[C@@H](C)C(N)=O,*,*,,,,,,,,,,,,,,,,,True,False,True,True,420,420,WO2017011820A2.csv,1
613.0,CC(=O)NCCCC[C@H](NC(=O)[C@](C)(CC(C)C)NC(=O)[C@H](Cc1ccc2ccccc2c1)NC(=O)[C@H](Cc1ccc(OCCNC(C)=O)cc1)NC(=O)[C@H]1NC(=O)[C@H](CCC(N)=O)NC(=O)[C@H](Cc2c[nH]c3ccccc23)NC(=O)[C@H]([C@@H](C)O)NC(=O)[C@H](CCC(N)=O)NC(=O)[C@@H](NC(C)=O)C(C)(C)SSC1(C)C)C(=O)N[C@@H](CC(N)=O)C(=O)N[C@@H](CC(N)=O)C(N)=O,*,*,,,,,,,,,,,,,,,,,True,False,True,True,420,420,WO2017011820A2.csv,1
614.0,CC(=O)NCCOc1ccc(C[C@H](NC(=O)[C@H]2NC(=O)[C@H](CCC(N)=O)NC(=O)[C@H](Cc3c[nH]c4ccccc34)NC(=O)[C@H]([C@@H](C)O)NC(=O)[C@H](CCC(N)=O)NC(=O)[C@@H](NC(C)=O)C(C)(C)SSC2(C)C)C(=O)N[C@@H](Cc2ccc3ccccc3c2)C(=O)N[C@@](C)(CC(C)C)C(=O)N[C@@H](CCC(N)=O)C(=O)N[C@@H](CC(N)=O)C(=O)N[C@@H](CC(N)=O)C(N)=O)cc1,*,*,,,,,,,,,,,,,,,,,True,False,True,True,420,420,WO2017011820A2.csv,1
615.0,CC(=O)NCCOc1ccc(C[C@H](NC(=O)[C@H]2NC(=O)[C@H](CCC(N)=O)NC(=O)[C@H](Cc3c[nH]c4ccccc34)NC(=O)[C@H]([C@@H](C)O)NC(=O)[C@H](CCC(N)=O)NC(=O)[C@@H](NC(C)=O)C(C)(C)SSC2(C)C)C(=O)N[C@@H](Cc2ccc3ccccc3c2)C(=O)NC(C)(C)C(=O)N[C@@H](CCC(=O)O)C(=O)N[C@@H](CC(N)=O)C(=O)N[C@@H](CC(N)=O)C(N)=O)cc1,*,*,,,,,,,,,,,,,,,,,True,False,True,True,420,420,WO2017011820A2.csv,1
616.0,CC(=O)NCCCC[C@H](NC(=O)C(C)(C)NC(=O)[C@H](Cc1ccc2ccccc2c1)NC(=O)[C@H](Cc1ccc(OCCNC(C)=O)cc1)NC(=O)[C@H]1NC(=O)[C@H](CCC(N)=O)NC(=O)[C@H](Cc2c[nH]c3ccccc23)NC(=O)[C@H]([C@@H](C)O)NC(=O)[C@H](CCC(N)=O)NC(=O)[C@@H](NC(C)=O)C(C)(C)SSC1(C)C)C(=O)N[C@@H](CC(N)=O)C(=O)N[C@@H](CC(N)=O)C(N)=O,*,*,,,,,,,,,,,,,,,,,True,False,True,True,420,420,WO2017011820A2.csv,1
522.0,COc1ccc(C[C@H](NC(=O)[C@H]2NC(=O)[C@H](CCC(N)=O)NC(=O)[C@H](Cc3c[nH]c4ccccc34)NC(=O)[C@H]([C@@H](C)O)NC(=O)[C@H](CCC(N)=O)NC(=O)[C@@H](NC(C)=O)C(C)(C)SSC2(C)C)C(=O)N[C@@H](Cc2ccc3ccccc3c2)C(=O)N[C@@](C)(CCCCNC(=O)COCC(=O)NCCCC[C@](C)(NC(=O)[C@H](Cc2ccc3ccccc3c2)NC(=O)[C@H](Cc2ccc(OC)cc2)NC(=O)[C@H]2NC(=O)[C@H](CCC(N)=O)NC(=O)[C@H](Cc3c[nH]c4ccccc34)NC(=O)[C@H]([C@@H](C)O)NC(=O)[C@H](CCC(N)=O)NC(=O)[C@@H](NC(C)=O)C(C)(C)SSC2(C)C)C(=O)N[C@@H](CCC(=O)O)C(=O)N[C@@H](CC(N)=O)C(=O)NCC(N)=O)C(=O)N[C@@H](CCC(=O)O)C(=O)N[C@@H](CC(N)=O)C(=O)NCC(N)=O)cc1,*,****,,,,,,,,,,,,,,,,,True,False,True,True,420,90,WO2017011820A2.csv,0
618.0,COc1ccc(C[C@H](NC(=O)[C@H]2NC(=O)[C@H](CCC(N)=O)NC(=O)[C@H](Cc3c[nH]c4ccccc34)NC(=O)[C@H]([C@@H](C)O)NC(=O)[C@H](CCC(N)=O)NC(=O)[C@@H](NC(C)=O)C(C)(C)SSC2(C)C)C(=O)N[C@@H](Cc2ccc3ccccc3c2)C(=O)NC(C)(C)C(=O)N[C@@H](CCC(=O)O)C(=O)N[C@@H](CC(N)=O)C(=O)N[C@@H](CC(N)=O)C(N)=O)cc1,***,*,,,,,,,,,,,,,,,,,True,False,True,True,150,420,WO2017011820A2.csv,1
619.0,CC(=O)N[C@@H]1C(=O)N[C@@H](CCC(N)=O)C(=O)N[C@@H]([C@@H](C)O)C(=O)N[C@@H](Cc2c[nH]c3ccccc23)C(=O)N[C@@H](CCC(N)=O)C(=O)N[C@H](C(=O)N[C@@H](Cc2ccc(OCCN)cc2)C(=O)N[C@@H](Cc2ccc3ccccc3c2)C(=O)N[C@@H](CCC(C)C)C(=O)N[C@@H](CCC(=O)O)C(=O)N[C@@H](CC(N)=O)C(=O)N[C@@H](C)C(N)=O)C(C)(C)SSC1(C)C,*****,*****,,,,,,,,,,,,,,,,,True,False,True,True,30,30,WO2017011820A2.csv,0
620.0,CC(=O)NCCCC[C@H](NC(=O)C(C)(C)NC(=O)[C@H](Cc1ccc2ccccc2c1)NC(=O)[C@H](Cc1ccc(OCCN)cc1)NC(=O)[C@H]1NC(=O)[C@H](CCC(N)=O)NC(=O)[C@H](Cc2c[nH]c3ccccc23)NC(=O)[C@H]([C@@H](C)O)NC(=O)[C@H]([C@@H](C)O)NC(=O)[C@@H](NC(C)=O)C(C)(C)SSC1(C)C)C(=O)N[C@@H](CC(N)=O)C(=O)N[C@@H](CC(N)=O)C(N)=O,*,*,,,,,,,,,,,,,,,,,True,False,True,True,420,420,WO2017011820A2.csv,1
625.0,COc1ccc(C[C@H](NC(=O)[C@H]2NC(=O)[C@H](CCC(N)=O)NC(=O)[C@H](Cc3c[nH]c4ccccc34)NC(=O)[C@H]([C@@H](C)O)NC(=O)[C@H](CCC(N)=O)NC(=O)[C@@H](NC(C)=O)C(C)(C)SSC2(C)C)C(=O)N[C@@H](Cc2ccc3ccccc3c2)C(=O)NC(C)(C)C(=O)N[C@@H](CCCCNC(C)=O)C(=O)N[C@@H](CC(N)=O)C(=O)N[C@@H](CC(N)=O)C(N)=O)cc1,**,*,,,,,,,,,,,,,,,,,True,False,True,True,270,420,WO2017011820A2.csv,1
628.0,CC(=O)NCCCC[C@H](NC(=O)C(C)(C)NC(=O)[C@H](Cc1ccc2ccccc2c1)NC(=O)[C@H](Cc1ccc(OCCN)cc1)NC(=O)[C@H]1NC(=O)[C@H](CCC(N)=O)NC(=O)[C@H](Cc2c[nH]c3ccccc23)NC(=O)[C@H]([C@@H](C)O)NC(=O)[C@H](CCC(N)=O)NC(=O)[C@@H](NC(C)=O)C(C)(C)SSC1(C)C)C(=O)N[C@@H](CC(N)=O)C(=O)NCCC(N)=O,*,*,,,,,,,,,,,,,,,,,True,False,True,True,420,420,WO2017011820A2.csv,1
630.0,COc1ccc(C[C@H](NC(=O)[C@H]2NC(=O)[C@H](CCC(N)=O)NC(=O)[C@H](Cc3c[nH]c4ccccc34)NC(=O)[C@H]([C@@H](C)O)NC(=O)[C@H](CC(N)=O)NC(=O)[C@@H](NC(C)=O)C(C)(C)SSC2(C)C)C(=O)N[C@@H](Cc2ccc3ccccc3c2)C(=O)NC(C)(C)C(=O)N[C@@H](CCC(=O)O)C(=O)N[C@@H](CC(N)=O)C(=O)N[C@@H](CC(N)=O)C(N)=O)cc1,***,*,,,,,,,,,,,,,,,,,True,False,True,True,150,420,WO2017011820A2.csv,1
631.0,CC(=O)N[C@@H]1C(=O)N[C@@H](CC(N)=O)C(=O)N[C@@H]([C@@H](C)O)C(=O)N[C@@H](Cc2c[nH]c3ccccc23)C(=O)N[C@@H](CCC(N)=O)C(=O)N[C@H](C(=O)N[C@@H](Cc2ccc(OCCN)cc2)C(=O)N[C@@H](Cc2ccc3ccccc3c2)C(=O)N[C@@H](CCC(C)C)C(=O)N[C@@H](CCC(=O)O)C(=O)N[C@@H](CC(N)=O)C(=O)N[C@@H](C)C(N)=O)C(C)(C)SSC1(C)C,****,*****,,,,,,,,,,,,,,,,,True,False,True,True,90,30,WO2017011820A2.csv,0
632.0,CC(=O)NCCCC[C@H](NC(=O)C(C)(C)NC(=O)[C@H](Cc1ccc2ccccc2c1)NC(=O)[C@H](Cc1ccc(OCCN)cc1)NC(=O)[C@H]1NC(=O)[C@H](CCC(N)=O)NC(=O)[C@H](Cc2c[nH]c3ccccc23)NC(=O)[C@H]([C@@H](C)O)NC(=O)[C@H](CC(N)=O)NC(=O)[C@@H](NC(C)=O)C(C)(C)SSC1(C)C)C(=O)N[C@@H](CC(N)=O)C(=O)N[C@@H](CC(N)=O)C(N)=O,*,*,,,,,,,,,,,,,,,,,True,False,True,True,420,420,WO2017011820A2.csv,1
633.0,COc1ccc(C[C@H](NC(=O)[C@H]2NC(=O)[C@H](CCC(N)=O)NC(=O)[C@H](Cc3c[nH]c4ccccc34)NC(=O)[C@H]([C@@H](C)O)NC(=O)[C@H](CC(N)=O)NC(=O)[C@@H](NC(C)=O)C(C)(C)SSC2(C)C)C(=O)N[C@@H](Cc2ccc3ccccc3c2)C(=O)NC(C)(C)C(=O)N[C@@H](CCCCNC(C)=O)C(=O)N[C@@H](CC(N)=O)C(=O)NCCC(N)=O)cc1,**,*,,,,,,,,,,,,,,,,,True,False,True,True,270,420,WO2017011820A2.csv,1
634.0,CC(=O)NCCCC[C@H](NC(=O)C(C)(C)NC(=O)[C@H](Cc1ccc2ccccc2c1)NC(=O)[C@H](Cc1ccc(OCCN)cc1)NC(=O)[C@H]1NC(=O)[C@H](CCC(N)=O)NC(=O)[C@H](Cc2c[nH]c3ccccc23)NC(=O)[C@H]([C@@H](C)O)NC(=O)[C@H](CC(N)=O)NC(=O)[C@@H](NC(C)=O)C(C)(C)SSC1(C)C)C(=O)N[C@@H](CC(N)=O)C(=O)N[C@@H](CCC(N)=O)C(N)=O,*,*,,,,,,,,,,,,,,,,,True,False,True,True,420,420,WO2017011820A2.csv,1
636.0,CC(=O)NCCCC[C@H](NC(=O)C(C)(C)NC(=O)[C@H](Cc1ccc2ccccc2c1)NC(=O)[C@H](Cc1ccc(OCCN)cc1)NC(=O)[C@H]1NC(=O)[C@H](CCC(N)=O)NC(=O)[C@H](Cc2c[nH]c3ccccc23)NC(=O)[C@H]([C@@H](C)O)NC(=O)[C@H](CC(N)=O)NC(=O)[C@@H](NC(C)=O)C(C)(C)SSC1(C)C)C(=O)N[C@@H](CC(N)=O)C(=O)N[C@@H](C)C(N)=O,*,*,,,,,,,,,,,,,,,,,True,False,True,True,420,420,WO2017011820A2.csv,1
637.0,COc1ccc(C[C@H](NC(=O)[C@H]2NC(=O)[C@H](CCC(N)=O)NC(=O)[C@H](Cc3c[nH]c4ccccc34)NC(=O)[C@H]([C@@H](C)O)NC(=O)[C@H](CC(N)=O)NC(=O)[C@@H](NC(C)=O)C(C)(C)SSC2(C)C)C(=O)N[C@@H](Cc2ccc3ccccc3c2)C(=O)NC(C)(C)C(=O)N[C@@H](CCCCNC(C)=O)C(=O)N[C@@H](CC(N)=O)C(=O)N[C@@H](CC(N)=O)C(N)=O)cc1,*,*,,,,,,,,,,,,,,,,,True,False,True,True,420,420,WO2017011820A2.csv,1
638.0,COc1ccc(C[C@H](NC(=O)[C@H]2NC(=O)[C@H](CCC(N)=O)NC(=O)[C@H](Cc3c[nH]c4ccccc34)NC(=O)[C@H]([C@@H](C)O)NC(=O)[C@H](CC(N)=O)NC(=O)[C@@H](NC(C)=O)C(C)(C)SSC2(C)C)C(=O)N[C@@H](Cc2ccc3ccccc3c2)C(=O)NC(C)(C)C(=O)N[C@@H](CCCCNC(C)=O)C(=O)N[C@@H](CC(N)=O)C(=O)N[C@@H](CCC(N)=O)C(N)=O)cc1,*,*,,,,,,,,,,,,,,,,,True,False,True,True,420,420,WO2017011820A2.csv,1
639.0,CC(=O)NCCCC[C@H](NC(=O)C(C)(C)NC(=O)[C@H](Cc1ccc2ccccc2c1)NC(=O)[C@H](Cc1ccc(OCCN)cc1)NC(=O)[C@H]1NC(=O)[C@H](CCC(N)=O)NC(=O)[C@H](Cc2c[nH]c3ccccc23)NC(=O)[C@H]([C@@H](C)O)NC(=O)[C@H](CC(N)=O)NC(=O)[C@@H](NC(C)=O)C(C)(C)SSC1(C)C)C(=O)N[C@@H](CC(N)=O)C(=O)NCCC(N)=O,*,*,,,,,,,,,,,,,,,,,True,False,True,True,420,420,WO2017011820A2.csv,1
640.0,COc1ccc(C[C@H](NC(=O)[C@H]2NC(=O)[C@H](CCC(N)=O)NC(=O)[C@H](Cc3c[nH]c4ccccc34)NC(=O)[C@H]([C@@H](C)O)NC(=O)[C@H](CC(N)=O)NC(=O)[C@@H](NC(C)=O)C(C)(C)SSC2(C)C)C(=O)N[C@@H](Cc2ccc3ccccc3c2)C(=O)N[C@@H](CCC(C)C)C(=O)N[C@@H](CCCCNC(C)=O)C(=O)N[C@@H](CC(N)=O)C(=O)NCCC(N)=O)cc1,*****,*****,,,,,,,,,,,,,,,,,True,False,True,True,30,30,WO2017011820A2.csv,0
641.0,CC(=O)NCCCC[C@H](NC(=O)[C@H](CCC(C)C)NC(=O)[C@H](Cc1ccc2ccccc2c1)NC(=O)[C@H](Cc1ccc(OCCN)cc1)NC(=O)[C@H]1NC(=O)[C@H](CCC(N)=O)NC(=O)[C@H](Cc2c[nH]c3ccccc23)NC(=O)[C@H]([C@@H](C)O)NC(=O)[C@H](CC(N)=O)NC(=O)[C@@H](NC(C)=O)C(C)(C)SSC1(C)C)C(=O)N[C@@H](CC(N)=O)C(=O)NCCC(N)=O,*****,*****,,,,,,,,,,,,,,,,,True,False,True,True,30,30,WO2017011820A2.csv,0
534.0,CC(=O)NCCCC[C@H](NC(=O)[C@](C)(CCCCNC(=O)COCC(=O)NCCCC[C@](C)(NC(=O)[C@H](Cc1ccc2ccccc2c1)NC(=O)[C@H](Cc1ccc(C(N)=O)cc1)NC(=O)[C@H]1NC(=O)[C@H](CCC(N)=O)NC(=O)[C@H](Cc2c[nH]c3ccccc23)NC(=O)[C@H]([C@@H](C)O)NC(=O)[C@H](CCC(N)=O)NC(=O)[C@@H](NC(C)=O)C(C)(C)SSC1(C)C)C(=O)N[C@@H](CCCCNC(C)=O)C(=O)N[C@@H](CC(N)=O)C(=O)N[C@@H](CC(N)=O)C(N)=O)NC(=O)[C@H](Cc1ccc2ccccc2c1)NC(=O)[C@H](Cc1ccc(C(N)=O)cc1)NC(=O)[C@H]1NC(=O)[C@H](CCC(N)=O)NC(=O)[C@H](Cc2c[nH]c3ccccc23)NC(=O)[C@H]([C@@H](C)O)NC(=O)[C@H](CCC(N)=O)NC(=O)[C@@H](NC(C)=O)C(C)(C)SSC1(C)C)C(=O)N[C@@H](CC(N)=O)C(=O)N[C@@H](CC(N)=O)C(N)=O,*,**,,,,,,,,,,,,,,,,,True,False,True,True,420,270,WO2017011820A2.csv,1
1035.0,CC(=O)NCCCC[C@H](NC(=O)C(C)(C)NC(=O)[C@H](Cc1ccc2ccccc2c1)NC(=O)[C@H](Cc1ccc(OCCN)cc1)NC(=O)[C@H]1NC(=O)[C@H](CCC(N)=O)NC(=O)[C@H](Cc2c[nH]c3ccccc23)NC(=O)[C@H]([C@@H](C)O)NC(=O)[C@H](CC(N)=O)NC(=O)[C@@H](NC(=O)[C@@H](Cc2ccccc2)NC(C)=O)C(C)(C)SSC1(C)C)C(=O)N[C@@H](CC(N)=O)C(=O)N[C@@H](CC(N)=O)C(N)=O,*,*,,,,,,,,,,,,,,,,,True,False,True,True,420,420,WO2017011820A2.csv,1
676.0,CC(=O)NCCCC[C@H](NC(=O)C(C)(C)NC(=O)[C@H](Cc1ccc2ccccc2c1)NC(=O)[C@H](Cc1ccc(OCCN)cc1)NC(=O)[C@H]1NC(=O)[C@H](CCC(N)=O)NC(=O)[C@H](Cc2c[nH]c3ccccc23)NC(=O)[C@H]([C@@H](C)O)NC(=O)[C@H](CC(N)=O)NC(=O)[C@@H](NC(=O)[C@@H](Cc2ccccc2)NC(C)=O)C(C)(C)SSC1(C)C)C(=O)N[C@@H](CC(N)=O)C(=O)NCCC(N)=O,*,**,,,,,,,,,,,,,,,,,True,False,True,True,420,270,WO2017011820A2.csv,1
682.0,CC(=O)NCCCC[C@H](NC(=O)C(C)(C)NC(=O)[C@H](Cc1ccc2ccccc2c1)NC(=O)[C@H](Cc1ccc(C(N)=O)cc1)NC(=O)[C@H]1NC(=O)[C@H](CCC(N)=O)NC(=O)[C@H](Cc2c[nH]c3ccccc23)NC(=O)[C@H]([C@@H](C)O)NC(=O)[C@H](CC(N)=O)NC(=O)[C@@H](NC(C)=O)C(C)(C)SSC1(C)C)C(=O)N[C@@H](CC(N)=O)C(=O)N[C@@H](CC(N)=O)C(N)=O,****,**,,,,,,,,,,,,,,,,,True,False,True,True,90,270,WO2017011820A2.csv,1
683.0,CC(=O)NCCCC[C@H](NC(=O)C1(NC(=O)[C@H](Cc2ccc3ccccc3c2)NC(=O)[C@H](Cc2ccc(C(N)=O)cc2)NC(=O)[C@H]2NC(=O)[C@H](CCC(N)=O)NC(=O)[C@H](Cc3c[nH]c4ccccc34)NC(=O)[C@H]([C@@H](C)O)NC(=O)[C@H](CC(N)=O)NC(=O)[C@@H](NC(C)=O)C(C)(C)SSC2(C)C)CCOCC1)C(=O)N[C@@H](CC(N)=O)C(=O)N[C@@H](CC(N)=O)C(N)=O,*,**,,,,,,,,,,,,,,,,,True,False,True,True,420,270,WO2017011820A2.csv,1
684.0,CC(=O)NCCCC[C@H](NC(=O)C1(NC(=O)[C@H](Cc2ccc3ccccc3c2)NC(=O)[C@H](Cc2ccc(C(N)=O)cc2)NC(=O)[C@H]2NC(=O)[C@H](CCC(N)=O)NC(=O)[C@H](Cc3c[nH]c4ccccc34)NC(=O)[C@H]([C@@H](C)O)NC(=O)[C@H](CC(N)=O)NC(=O)[C@@H](NC(C)=O)C(C)(C)SSC2(C)C)CCCCC1)C(=O)N[C@@H](CC(N)=O)C(=O)N[C@@H](CC(N)=O)C(N)=O,*,*,,,,,,,,,,,,,,,,,True,False,True,True,420,420,WO2017011820A2.csv,1
1036.0,CC(=O)NCCCC[C@H](NC(=O)C1(NC(=O)[C@H](Cc2ccc3ccccc3c2)NC(=O)[C@H](Cc2ccc(C(N)=O)cc2)NC(=O)[C@H]2NC(=O)[C@H](CCC(N)=O)NC(=O)[C@H](Cc3c[nH]c4ccccc34)NC(=O)[C@H]([C@@H](C)O)NC(=O)[C@H](CC(N)=O)NC(=O)[C@@H](NC(C)=O)C(C)(C)SSC2(C)C)CCCC1)C(=O)N[C@@H](CC(N)=O)C(=O)N[C@@H](CC(N)=O)C(N)=O,*,*,,,,,,,,,,,,,,,,,True,False,True,True,420,420,WO2017011820A2.csv,1
686.0,CC(=O)NCCCC[C@H](NC(=O)[C@](C)(CC(C)C)NC(=O)[C@H](Cc1ccc2ccccc2c1)NC(=O)[C@H](Cc1ccc(C(N)=O)cc1)NC(=O)[C@H]1NC(=O)[C@H](CCC(N)=O)NC(=O)[C@H](Cc2c[nH]c3ccccc23)NC(=O)[C@H]([C@@H](C)O)NC(=O)[C@H](CC(N)=O)NC(=O)[C@@H](NC(C)=O)C(C)(C)SSC1(C)C)C(=O)N[C@@H](CC(N)=O)C(=O)N[C@@H](CC(N)=O)C(N)=O,*,*,,,,,,,,,,,,,,,,,True,False,True,True,420,420,WO2017011820A2.csv,1
688.0,COc1ccc(C[C@H](NC(=O)[C@H]2NC(=O)[C@H](CCC(N)=O)NC(=O)[C@H](Cc3c[nH]c4ccccc34)NC(=O)[C@H]([C@@H](C)O)NC(=O)[C@H](CC(N)=O)NC(=O)[C@@H](NC(C)=O)C(C)(C)SSC2(C)C)C(=O)N[C@@H](Cc2ccc3ccccc3c2)C(=O)NC2(C(=O)N[C@@H](CCCCNC(C)=O)C(=O)N[C@@H](CC(N)=O)C(=O)N[C@@H](CC(N)=O)C(N)=O)CCOCC2)cc1,*,*,,,,,,,,,,,,,,,,,True,False,True,True,420,420,WO2017011820A2.csv,1
689.0,COc1ccc(C[C@H](NC(=O)[C@H]2NC(=O)[C@H](CCC(N)=O)NC(=O)[C@H](Cc3c[nH]c4ccccc34)NC(=O)[C@H]([C@@H](C)O)NC(=O)[C@H](CC(N)=O)NC(=O)[C@@H](NC(C)=O)C(C)(C)SSC2(C)C)C(=O)N[C@@H](Cc2ccc3ccccc3c2)C(=O)NC2(C(=O)N[C@@H](CCCCNC(C)=O)C(=O)N[C@@H](CC(N)=O)C(=O)N[C@@H](CC(N)=O)C(N)=O)CCCCC2)cc1,**,*,,,,,,,,,,,,,,,,,True,False,True,True,270,420,WO2017011820A2.csv,1
1037.0,COc1ccc(C[C@H](NC(=O)[C@H]2NC(=O)[C@H](CCC(N)=O)NC(=O)[C@H](Cc3c[nH]c4ccccc34)NC(=O)[C@H]([C@@H](C)O)NC(=O)[C@H](CC(N)=O)NC(=O)[C@@H](NC(C)=O)C(C)(C)SSC2(C)C)C(=O)N[C@@H](Cc2ccc3ccccc3c2)C(=O)NC2(C(=O)N[C@@H](CCCCNC(C)=O)C(=O)N[C@@H](CC(N)=O)C(=O)N[C@@H](CC(N)=O)C(N)=O)CCCC2)cc1,*,**,,,,,,,,,,,,,,,,,True,False,True,True,420,270,WO2017011820A2.csv,1
539.0,CC(=O)N[C@@H]1C(=O)N[C@@H](CC(N)=O)C(=O)N[C@@H]([C@@H](C)O)C(=O)N[C@@H](Cc2c[nH]c3ccccc23)C(=O)N[C@@H](CCC(N)=O)C(=O)N[C@H](C(=O)N[C@@H](Cc2ccc(C(N)=O)cc2)C(=O)N[C@@H](Cc2ccc3ccccc3c2)C(=O)N[C@@](C)(CC(C)C)C(=O)N[C@@H](CCCCNC(=O)COCC(=O)NCCCC[C@H](NC(=O)[C@](C)(CC(C)C)NC(=O)[C@H](Cc2ccc3ccccc3c2)NC(=O)[C@H](Cc2ccc(C(N)=O)cc2)NC(=O)[C@H]2NC(=O)[C@H](CCC(N)=O)NC(=O)[C@H](Cc3c[nH]c4ccccc34)NC(=O)[C@H]([C@@H](C)O)NC(=O)[C@H](CC(N)=O)NC(=O)[C@@H](NC(C)=O)C(C)(C)SSC2(C)C)C(=O)N[C@@H](CC(N)=O)C(=O)N[C@@H](CC(N)=O)C(N)=O)C(=O)N[C@@H](CC(N)=O)C(=O)N[C@@H](CC(N)=O)C(N)=O)C(C)(C)SSC1(C)C,**,**,,,,,,,,,,,,,,,,,True,False,True,False,270,270,WO2017011820A2.csv,1
702.0,COc1ccc(C[C@H](NC(=O)[C@@H]2CSCC[C@H](NC(C)=O)C(=O)N[C@@H](CCC(N)=O)C(=O)N[C@@H]([C@@H](C)O)C(=O)N[C@@H](Cc3c[nH]c4ccccc34)C(=O)N[C@@H](CCC(N)=O)C(=O)N2)C(=O)N[C@@H](Cc2ccc3ccccc3c2)C(=O)N[C@@](C)(CCCCN)C(=O)N[C@@H](CCC(=O)O)C(=O)N[C@@H](CC(N)=O)C(=O)NCC(N)=O)cc1,***,*****,,,,,,,,,,,,,,,,,True,False,True,False,150,30,WO2017011820A2.csv,0
706.0,COc1ccc(C[C@H](NC(=O)[C@@H]2CSCC[C@H](NC(C)=O)C(=O)N[C@@H](CCC(N)=O)C(=O)N[C@@H]([C@@H](C)O)C(=O)N[C@@H](Cc3c[nH]c4ccccc34)C(=O)N[C@@H](CCC(N)=O)C(=O)N2)C(=O)N[C@@H](Cc2ccc3ccccc3c2)C(=O)N[C@@](C)(CCCN)C(=O)N[C@@H](CCC(=O)O)C(=O)N[C@@H](CC(N)=O)C(=O)NCC(N)=O)cc1,***,*****,,,,,,,,,,,,,,,,,True,False,True,False,150,30,WO2017011820A2.csv,0
707.0,COc1ccc(C[C@H](NC(=O)[C@@H]2CSCC[C@H](NC(C)=O)C(=O)N[C@@H](CCC(N)=O)C(=O)N[C@@H]([C@@H](C)O)C(=O)N[C@@H](Cc3c[nH]c4ccccc34)C(=O)N[C@@H](CCC(N)=O)C(=O)N2)C(=O)N[C@@H](Cc2c[nH]c3ccccc23)C(=O)N[C@@](C)(CCCN)C(=O)N[C@@H](CCC(=O)O)C(=O)N[C@@H](CC(N)=O)C(=O)NCC(N)=O)cc1,**,*****,,,,,,,,,,,,,,,,,True,False,True,False,270,30,WO2017011820A2.csv,0
702.0,COc1ccc(C[C@H](NC(=O)[C@@H]2CSCC[C@H](NC(C)=O)C(=O)N[C@@H](CCC(N)=O)C(=O)N[C@@H]([C@@H](C)O)C(=O)N[C@@H](Cc3c[nH]c4ccccc34)C(=O)N[C@@H](CCC(N)=O)C(=O)N2)C(=O)N[C@@H](Cc2ccc3ccccc3c2)C(=O)N[C@@](C)(CCCCN)C(=O)N[C@@H](CCC(=O)O)C(=O)N[C@@H](CC(N)=O)C(=O)NCC(N)=O)cc1,**,*****,,,,,,,,,,,,,,,,,True,False,True,False,270,30,WO2017011820A2.csv,0
709.0,COc1ccc(C[C@H](NC(=O)[C@@H]2CSCC[C@H](NC(C)=O)C(=O)N[C@@H](CCC(N)=O)C(=O)N[C@@H]([C@@H](C)O)C(=O)N[C@@H](Cc3c[nH]c4ccccc34)C(=O)N[C@@H](CCC(N)=O)C(=O)N2)C(=O)N[C@@H](Cc2c[nH]c3ccccc23)C(=O)N[C@@](C)(CCCCN)C(=O)N[C@@H](CCCCNC(C)=O)C(=O)N[C@@H](CC(N)=O)C(=O)NCC(N)=O)cc1,*,*****,,,,,,,,,,,,,,,,,True,False,True,False,420,30,WO2017011820A2.csv,0
710.0,COc1ccc(C[C@H](NC(=O)[C@@H]2CSCC[C@H](NC(C)=O)C(=O)N[C@@H](CCC(N)=O)C(=O)N[C@@H]([C@@H](C)O)C(=O)N[C@@H](Cc3c[nH]c4ccccc34)C(=O)N[C@@H](CCC(N)=O)C(=O)N2)C(=O)N[C@@H](Cc2c[nH]c3ccccc23)C(=O)N[C@@](C)(CCCCN)C(=O)N[C@@H](CCC(=O)O)C(=O)N[C@@H](CC(N)=O)C(=O)NCC(N)=O)cc1,*,*****,,,,,,,,,,,,,,,,,True,False,True,False,420,30,WO2017011820A2.csv,0
711.0,COc1ccc(C[C@H](NC(=O)[C@@H]2CSCC[C@H](NC(C)=O)C(=O)N[C@@H](CCC(N)=O)C(=O)N[C@@H]([C@@H](C)O)C(=O)N[C@@H](Cc3c[nH]c4ccccc34)C(=O)N[C@@H](CCC(N)=O)C(=O)N2)C(=O)N[C@@H](Cc2cccc3ccccc23)C(=O)N[C@@](C)(CCCCN)C(=O)N[C@@H](CCCCNC(C)=O)C(=O)N[C@@H](CC(N)=O)C(=O)NCC(N)=O)cc1,*,*****,,,,,,,,,,,,,,,,,True,False,True,False,420,30,WO2017011820A2.csv,0
712.0,COc1ccc(C[C@H](NC(=O)[C@@H]2CSCC[C@H](NC(C)=O)C(=O)N[C@@H](CCC(N)=O)C(=O)N[C@@H]([C@@H](C)O)C(=O)N[C@@H](Cc3c[nH]c4ccccc34)C(=O)N[C@@H](CCC(N)=O)C(=O)N2)C(=O)N[C@@H](Cc2ccc3ccccc3c2)C(=O)N[C@@](C)(CCCCN)C(=O)N[C@@H](CCCCNC(C)=O)C(=O)N[C@@H](CC(N)=O)C(=O)NCC(N)=O)cc1,**,*****,,,,,,,,,,,,,,,,,True,False,True,False,270,30,WO2017011820A2.csv,0
718.0,CC(=O)NCCCC[C@H](NC(=O)[C@](C)(CCCCN)NC(=O)[C@H](Cc1ccc2ccccc2c1)NC(=O)[C@H](Cc1ccc(C(N)=O)cc1)NC(=O)[C@@H]1CSCC[C@H](NC(C)=O)C(=O)N[C@@H](CCC(N)=O)C(=O)N[C@@H]([C@@H](C)O)C(=O)N[C@@H](Cc2c[nH]c3ccccc23)C(=O)N[C@@H](CCC(N)=O)C(=O)N1)C(=O)N[C@@H](CC(N)=O)C(=O)NCC(N)=O,***,*****,,,,,,,,,,,,,,,,,True,False,True,False,150,30,WO2017011820A2.csv,0
720.0,COc1ccc(C[C@H](NC(=O)[C@H]2NC(=O)[C@H](CCC(N)=O)NC(=O)[C@H](Cc3c[nH]c4ccccc34)NC(=O)[C@H]([C@@H](C)O)NC(=O)[C@H](CCC(N)=O)NC(=O)[C@@H](NC(C)=O)CCSC2(C)C)C(=O)N[C@@H](Cc2ccc3ccccc3c2)C(=O)N[C@@](C)(CCCCN)C(=O)N[C@@H](CCC(=O)O)C(=O)N[C@@H](CC(N)=O)C(=O)NCC(N)=O)cc1,**,***,,,,,,,,,,,,,,,,,True,False,True,False,270,150,WO2017011820A2.csv,0
721.0,COc1ccc(C[C@H](NC(=O)[C@H]2NC(=O)[C@H](CCC(N)=O)NC(=O)[C@H](Cc3c[nH]c4ccccc34)NC(=O)[C@H]([C@@H](C)O)NC(=O)[C@H](CCC(N)=O)NC(=O)[C@@H](NC(C)=O)CCSC2(C)C)C(=O)N[C@@H](Cc2ccc3ccccc3c2)C(=O)N[C@@](C)(CCCCN)C(=O)N[C@@H](CCCCNC(C)=O)C(=O)N[C@@H](CC(N)=O)C(=O)NCC(N)=O)cc1,**,***,,,,,,,,,,,,,,,,,True,False,True,False,270,150,WO2017011820A2.csv,0
782.0,CC(=O)N[C@H]1CCSC[C@@H](C(=O)N[C@@H](Cc2ccc(OCCN)cc2)C(=O)N[C@@H](Cc2c[nH]c3ccccc23)C(=O)N[C@@](C)(CCCCN)C(=O)N[C@@H](CCC(=O)O)C(=O)N[C@@H](CC(N)=O)C(=O)NCC(N)=O)NC(=O)[C@H](CCC(N)=O)NC(=O)[C@H](Cc2c[nH]c3ccccc23)NC(=O)[C@H]([C@@H](C)O)NC(=O)[C@H](CCC(N)=O)NC1=O,*,***,,,,,,,,,,,,,,,,,True,False,True,False,420,150,WO2017011820A2.csv,0
790.0,COc1ccc(C[C@H](NC(=O)[C@@H]2CSCC[C@H](NC(C)=O)C(=O)N[C@@H](CCC(N)=O)C(=O)N[C@@H]([C@@H](C)O)C(=O)N[C@@H](Cc3c[nH]c4ccccc34)C(=O)N[C@@H](CCC(N)=O)C(=O)N2)C(=O)N[C@@H](Cc2ccc3ccccc3c2)C(=O)N[C@@](C)(CCCN)C(=O)N[C@@H](CCCCNC(C)=O)C(=O)N[C@@H](CC(N)=O)C(=O)NCC(N)=O)cc1,***,*****,,,,,,,,,,,,,,,,,True,False,True,False,150,30,WO2017011820A2.csv,0
797.0,CC(=O)NCCCC[C@H](NC(=O)[C@](C)(CCCCN)NC(=O)[C@H](Cc1ccc2ccccc2c1)NC(=O)[C@H](Cc1ccc(C(N)=O)cc1)NC(=O)[C@@H]1CSCC[C@H](NC(C)=O)C(=O)N[C@@H](CCC(N)=O)C(=O)N[C@@H]([C@@H](C)O)C(=O)N[C@@H](Cc2c[nH]c3ccccc23)C(=O)N[C@@H](CCC(N)=O)C(=O)N1)C(=O)N[C@@H](CC(N)=O)C(=O)NCC(N)=O,****,*****,,,,,,,,,,,,,,,,,True,False,True,False,90,30,WO2017011820A2.csv,0
829.0,CC(=O)N[C@H]1CCSC[C@@H](C(=O)N[C@@H](Cc2ccc(OCCN)cc2)C(=O)N[C@@H](Cc2ccc3ccccc3c2)C(=O)N[C@@](C)(CCCCN)C(=O)N[C@@H](CCC(=O)O)C(=O)N[C@@H](CC(N)=O)C(=O)NCC(N)=O)NC(=O)[C@H](CCC(N)=O)NC(=O)[C@H](Cc2c[nH]c3ccccc23)NC(=O)[C@H]([C@@H](C)O)NC(=O)[C@H](CCC(N)=O)NC1=O,*,*,,,,,,,,,,,,,,,,,True,False,True,False,420,420,WO2017011820A2.csv,1
857.0,CC(=O)N[C@H]1CCSC[C@@H](C(=O)N[C@@H](Cc2ccc(OCCN)cc2)C(=O)N[C@@H](Cc2ccc3ccccc3c2)C(=O)N[C@@](C)(CCCCN)C(=O)N[C@@H](CCCCNC(=O)c2ccccc2)C(=O)N[C@@H](CC(N)=O)C(=O)NCC(N)=O)NC(=O)[C@H](CCC(N)=O)NC(=O)[C@H](Cc2c[nH]c3ccccc23)NC(=O)[C@H]([C@@H](C)O)NC(=O)[C@H](CCC(N)=O)NC1=O,**,*,,,,,,,,,,,,,,,,,True,False,True,False,270,420,WO2017011820A2.csv,1
861.0,CC(=O)N[C@H]1CCSC[C@@H](C(=O)N[C@@H](Cc2ccc(OCCN)cc2)C(=O)N[C@@H](Cc2ccc3ccccc3c2)C(=O)N[C@@](C)(CCCCN)C(=O)N[C@@H](CCCCNC(=O)CC(C)C)C(=O)N[C@@H](CC(N)=O)C(=O)NCC(N)=O)NC(=O)[C@H](CCC(N)=O)NC(=O)[C@H](Cc2c[nH]c3ccccc23)NC(=O)[C@H]([C@@H](C)O)NC(=O)[C@H](CCC(N)=O)NC1=O,*,*,,,,,,,,,,,,,,,,,True,False,True,False,420,420,WO2017011820A2.csv,1
876.0,CC(=O)NCCCC[C@H](NC(=O)C(C)(C)NC(=O)[C@H](Cc1ccc2ccccc2c1)NC(=O)[C@H](Cc1ccc(OCCN)cc1)NC(=O)[C@@H]1CSCC[C@H](NC(C)=O)C(=O)N[C@@H](CCC(N)=O)C(=O)N[C@@H]([C@@H](C)O)C(=O)N[C@@H](Cc2c[nH]c3ccccc23)C(=O)N[C@@H](CCC(N)=O)C(=O)N1)C(=O)N[C@@H](CCC(N)=O)C(=O)NCC(N)=O,***,*****,,,,,,,,,,,,,,,,,True,False,True,False,150,30,WO2017011820A2.csv,0
877.0,CC(=O)N[C@H]1CCSC[C@@H](C(=O)N[C@@H](Cc2ccc(OCCN)cc2)C(=O)N[C@@H](Cc2ccc3ccccc3c2)C(=O)NC(C)(C)C(=O)N[C@@H](CCC(N)=O)C(=O)N[C@@H](CC(N)=O)C(=O)NCC(N)=O)NC(=O)[C@H](CCC(N)=O)NC(=O)[C@H](Cc2c[nH]c3ccccc23)NC(=O)[C@H]([C@@H](C)O)NC(=O)[C@H](CCC(N)=O)NC1=O,***,**,,,,,,,,,,,,,,,,,True,False,True,False,150,270,WO2017011820A2.csv,1
878.0,CC(=O)N[C@H]1CCSC[C@@H](C(=O)N[C@@H](Cc2ccc(OCCN)cc2)C(=O)N[C@@H](Cc2ccc3ccccc3c2)C(=O)NC(C)(C)C(=O)N[C@@H](CCC(=O)O)C(=O)N[C@@H](CC(N)=O)C(=O)NCC(N)=O)NC(=O)[C@H](CCC(N)=O)NC(=O)[C@H](Cc2c[nH]c3ccccc23)NC(=O)[C@H]([C@@H](C)O)NC(=O)[C@H](CCC(N)=O)NC1=O,*****,***,,,,,,,,,,,,,,,,,True,False,True,False,30,150,WO2017011820A2.csv,0
879.0,CC(=O)NCCCC[C@H](NC(=O)C(C)(C)NC(=O)[C@H](Cc1cccc2ccccc12)NC(=O)[C@H](Cc1ccc(OCCN)cc1)NC(=O)[C@@H]1CSCC[C@H](NC(C)=O)C(=O)N[C@@H](CCC(N)=O)C(=O)N[C@@H]([C@@H](C)O)C(=O)N[C@@H](Cc2c[nH]c3ccccc23)C(=O)N[C@@H](CCC(N)=O)C(=O)N1)C(=O)N[C@@H](CC(N)=O)C(=O)NCC(N)=O,*,*,,,,,,,,,,,,,,,,,True,False,True,False,420,420,WO2017011820A2.csv,1
880.0,CC(=O)NCCCC[C@H](NC(=O)C(C)(C)NC(=O)[C@H](Cc1ccc2ccccc2c1)NC(=O)[C@H](Cc1ccc(OCCN)cc1)NC(=O)[C@@H]1CSCC[C@H](NC(C)=O)C(=O)N[C@@H](CCC(N)=O)C(=O)N[C@@H]([C@@H](C)O)C(=O)N[C@@H](Cc2c[nH]c3ccccc23)C(=O)N[C@@H](CCC(N)=O)C(=O)N1)C(=O)N[C@@H](CC(N)=O)C(=O)N[C@@H](C)C(N)=O,****,*****,,,,,,,,,,,,,,,,,True,False,True,False,90,30,WO2017011820A2.csv,0
891.0,CC(=O)NCCCC[C@H](NC(=O)[C@](C)(CCCN)NC(=O)[C@H](Cc1ccc2ccccc2c1)NC(=O)[C@H](Cc1ccc(OCCN)cc1)NC(=O)[C@@H]1CSCC[C@H](NC(C)=O)C(=O)N[C@@H](CCC(N)=O)C(=O)N[C@@H]([C@@H](C)O)C(=O)N[C@@H](Cc2c[nH]c3ccccc23)C(=O)N[C@@H](CCC(N)=O)C(=O)N1)C(=O)N[C@@H](CC(N)=O)C(=O)NCC(N)=O,**,**,,,,,,,,,,,,,,,,,True,False,True,False,270,270,WO2017011820A2.csv,1
892.0,CC(=O)NCCCC[C@H](NC(=O)[C@](C)(CCCCN)NC(=O)[C@H](Cc1ccc2ccccc2c1)NC(=O)[C@H](Cc1ccc(OCCN)cc1)NC(=O)[C@@H]1CSCC[C@H](NC(C)=O)C(=O)N[C@@H](CCC(N)=O)C(=O)N[C@@H]([C@@H](C)O)C(=O)N[C@@H](Cc2c[nH]c3ccccc23)C(=O)N[C@@H](CCC(N)=O)C(=O)N1)C(=O)N[C@@H](CC(N)=O)C(=O)NCC(N)=O,*,*,,,,,,,,,,,,,,,,,True,False,True,False,420,420,WO2017011820A2.csv,1
899.0,CC(=O)N[C@H]1CCSC[C@@H](C(=O)N[C@@H](Cc2ccc(OCCN)cc2)C(=O)N[C@@H](Cc2c[nH]c3ccccc23)C(=O)N[C@@H](CCC(C)C)C(=O)N[C@@H](CCC(=O)O)C(=O)N[C@@H](CC(N)=O)C(=O)NCC(N)=O)NC(=O)[C@H](CCC(N)=O)NC(=O)[C@H](Cc2c[nH]c3ccccc23)NC(=O)[C@H]([C@@H](C)O)NC(=O)[C@H](CCC(N)=O)NC1=O,*****,*****,,,,,,,,,,,,,,,,,True,False,True,False,30,30,WO2017011820A2.csv,0
900.0,CC(=O)NCCCC[C@H](NC(=O)[C@](C)(CCCCNC(C)=O)NC(=O)[C@H](Cc1ccc2ccccc2c1)NC(=O)[C@H](Cc1ccc(OCCNC(C)=O)cc1)NC(=O)[C@@H]1CSCC[C@H](NC(C)=O)C(=O)N[C@@H](CCC(N)=O)C(=O)N[C@@H]([C@@H](C)O)C(=O)N[C@@H](Cc2c[nH]c3ccccc23)C(=O)N[C@@H](CCC(N)=O)C(=O)N1)C(=O)N[C@@H](CC(N)=O)C(=O)NCC(N)=O,**,*****,,,,,,,,,,,,,,,,,True,False,True,False,270,30,WO2017011820A2.csv,0
901.0,CC(=O)N[C@H]1CCSC[C@@H](C(=O)N[C@@H](Cc2ccc(OCCN)cc2)C(=O)N[C@@H](Cc2c[nH]c3ccccc23)C(=O)N[C@@](C)(CC(C)C)C(=O)N[C@@H](CCC(=O)O)C(=O)N[C@@H](CC(N)=O)C(=O)NCC(N)=O)NC(=O)[C@H](CCC(N)=O)NC(=O)[C@H](Cc2c[nH]c3ccccc23)NC(=O)[C@H]([C@@H](C)O)NC(=O)[C@H](CCC(N)=O)NC1=O,*,**,,,,,,,,,,,,,,,,,True,False,True,False,420,270,WO2017011820A2.csv,1
902.0,CC(=O)NCCCC[C@H](NC(=O)[C@](C)(CCCCN)NC(=O)[C@H](Cc1ccc2ccccc2c1)NC(=O)[C@H](Cc1ccc(OCCN)cc1)NC(=O)[C@@H]1CSCC[C@H](NC(=O)CCC(=O)O)C(=O)N[C@@H](CCC(N)=O)C(=O)N[C@@H]([C@@H](C)O)C(=O)N[C@@H](Cc2c[nH]c3ccccc23)C(=O)N[C@@H](CCC(N)=O)C(=O)N1)C(=O)N[C@@H](CC(N)=O)C(=O)NCC(N)=O,*,**,,,,,,,,,,,,,,,,,True,False,True,False,420,270,WO2017011820A2.csv,1
906.0,CC(=O)NCCCC[C@](C)(NC(=O)[C@H](Cc1ccc2ccccc2c1)NC(=O)[C@H](Cc1ccc(OCCNC(C)=O)cc1)NC(=O)[C@@H]1CSCC[C@H](NC(C)=O)C(=O)N[C@@H](CCC(N)=O)C(=O)N[C@@H]([C@@H](C)O)C(=O)N[C@@H](Cc2c[nH]c3ccccc23)C(=O)N[C@@H](CCC(N)=O)C(=O)N1)C(=O)N[C@@H](CCC(=O)O)C(=O)N[C@@H](CC(N)=O)C(=O)NCC(N)=O,****,*****,,,,,,,,,,,,,,,,,True,False,True,False,90,30,WO2017011820A2.csv,0
820.0,COc1ccc(C[C@H](NC(=O)[C@@H]2CSCC[C@H](NC(C)=O)C(=O)N[C@@H](CCC(N)=O)C(=O)N[C@@H]([C@@H](C)O)C(=O)N[C@@H](Cc3c[nH]c4ccccc34)C(=O)N[C@@H](CCC(N)=O)C(=O)N2)C(=O)N[C@@H](Cc2ccc3ccccc3c2)C(=O)N[C@H](C(=O)N[C@@H](CCCCNC(C)=O)C(=O)N[C@@H](CC(N)=O)C(=O)NCC(N)=O)C2CCCCC2)cc1,*,**,,,,,,,,,,,,,,,,,True,False,True,False,420,270,WO2017011820A2.csv,1
911.0,CC(=O)N[C@H]1CCSC[C@@H](C(=O)N[C@@H](Cc2ccc(OCCN)cc2)C(=O)N[C@@H](Cc2ccc3ccccc3c2)C(=O)N[C@@](C)(CCCCN)C(=O)N[C@@H](CCC(=O)O)C(=O)N[C@@H](CC(N)=O)C(=O)N[C@@H](CCC(N)=O)C(N)=O)NC(=O)[C@H](CCC(N)=O)NC(=O)[C@H](Cc2c[nH]c3ccccc23)NC(=O)[C@H]([C@@H](C)O)NC(=O)[C@H](CCC(N)=O)NC1=O,**,**,,,,,,,,,,,,,,,,,True,False,True,False,270,270,WO2017011820A2.csv,1
912.0,CC(=O)N[C@H]1CCSC[C@@H](C(=O)N[C@@H](Cc2ccc(OCCN)cc2)C(=O)N[C@@H](Cc2ccc3ccccc3c2)C(=O)N[C@@](C)(CCCCN)C(=O)N[C@@H](CCC(=O)O)C(=O)N[C@@H](CC(N)=O)C(=O)N[C@@H](CC(N)=O)C(N)=O)NC(=O)[C@H](CCC(N)=O)NC(=O)[C@H](Cc2c[nH]c3ccccc23)NC(=O)[C@H]([C@@H](C)O)NC(=O)[C@H](CCC(N)=O)NC1=O,**,**,,,,,,,,,,,,,,,,,True,False,True,False,270,270,WO2017011820A2.csv,1
913.0,CC(=O)N[C@H]1CCSC[C@@H](C(=O)N[C@@H](Cc2ccc(OCCN)cc2)C(=O)N[C@@H](Cc2ccc3ccccc3c2)C(=O)N[C@@](C)(CCCCN)C(=O)N[C@@H](CCC(=O)O)C(=O)N[C@@H](CC(N)=O)C(=O)NCC(N)=O)NC(=O)[C@H](CCC(N)=O)NC(=O)[C@H](Cc2c[nH]c3ccccc23)NC(=O)[C@H]([C@@H](C)O)NC(=O)[C@H]([C@@H](C)O)NC1=O,**,**,,,,,,,,,,,,,,,,,True,False,True,False,270,270,WO2017011820A2.csv,1
914.0,CC[C@](C)(NC(=O)[C@H](Cc1ccc2ccccc2c1)NC(=O)[C@H](Cc1ccc(OCCN)cc1)NC(=O)[C@@H]1CSCC[C@H](NC(C)=O)C(=O)N[C@@H](CCC(N)=O)C(=O)N[C@@H]([C@@H](C)O)C(=O)N[C@@H](Cc2c[nH]c3ccccc23)C(=O)N[C@@H](CCC(N)=O)C(=O)N1)C(=O)N[C@@H](CCCCNC(C)=O)C(=O)N[C@@H](CC(N)=O)C(=O)NCC(N)=O,****,*****,,,,,,,,,,,,,,,,,True,False,True,False,90,30,WO2017011820A2.csv,0
915.0,CC(=O)NCCCC[C@H](NC(=O)[C@@](C)(NC(=O)[C@H](Cc1ccc2ccccc2c1)NC(=O)[C@H](Cc1ccc(OCCN)cc1)NC(=O)[C@@H]1CSCC[C@H](NC(C)=O)C(=O)N[C@@H](CCC(N)=O)C(=O)N[C@@H]([C@@H](C)O)C(=O)N[C@@H](Cc2c[nH]c3ccccc23)C(=O)N[C@@H](CCC(N)=O)C(=O)N1)C(C)C)C(=O)N[C@@H](CC(N)=O)C(=O)NCC(N)=O,***,****,,,,,,,,,,,,,,,,,True,False,True,False,150,90,WO2017011820A2.csv,0
916.0,CC(=O)NCCCC[C@H](NC(=O)[C@](C)(CO)NC(=O)[C@H](Cc1ccc2ccccc2c1)NC(=O)[C@H](Cc1ccc(OCCN)cc1)NC(=O)[C@@H]1CSCC[C@H](NC(C)=O)C(=O)N[C@@H](CCC(N)=O)C(=O)N[C@@H]([C@@H](C)O)C(=O)N[C@@H](Cc2c[nH]c3ccccc23)C(=O)N[C@@H](CCC(N)=O)C(=O)N1)C(=O)N[C@@H](CC(N)=O)C(=O)NCC(N)=O,*****,***,,,,,,,,,,,,,,,,,True,False,True,False,30,150,WO2017011820A2.csv,0
1039.0,COc1ccc(C[C@H](NC(=O)[C@@H]2CSCC[C@H](NC(=O)[C@@H](CCCCNC(=O)COCC(=O)NCCCC[C@@H](NC(C)=O)C(=O)N[C@H]3CCSC[C@@H](C(=O)N[C@@H](Cc4ccc(OC)cc4)C(=O)N[C@@H](Cc4ccc5ccccc5c4)C(=O)N[C@@](C)(CC(C)C)C(=O)N[C@@H](CCC(=O)O)C(=O)N[C@@H](CC(N)=O)C(=O)NCC(N)=O)NC(=O)[C@H](CCC(N)=O)NC(=O)[C@H](Cc4c[nH]c5ccccc45)NC(=O)[C@H]([C@@H](C)O)NC(=O)[C@H](CCC(N)=O)NC3=O)NC(C)=O)C(=O)N[C@@H](CCC(N)=O)C(=O)N[C@@H]([C@@H](C)O)C(=O)N[C@@H](Cc3c[nH]c4ccccc34)C(=O)N[C@@H](CCC(N)=O)C(=O)N2)C(=O)N[C@@H](Cc2ccc3ccccc3c2)C(=O)N[C@@](C)(CC(C)C)C(=O)N[C@@H](CCC(=O)O)C(=O)N[C@@H](CC(N)=O)C(=O)NCC(N)=O)cc1,****,*****,,,,,,,,,,,,,,,,,True,False,True,False,90,30,WO2017011820A2.csv,0
933.0,CC(=O)N[C@H]1CCSC[C@@H](C(=O)N[C@@H](Cc2ccc(OCCN)cc2)C(=O)N[C@@H](Cc2ccc3ccccc3c2)C(=O)N[C@@](C)(CCCCN)C(=O)N[C@@H](CC(N)=O)C(=O)N[C@@H](CC(N)=O)C(=O)NCC(N)=O)NC(=O)[C@H](CCC(N)=O)NC(=O)[C@H](Cc2c[nH]c3ccccc23)NC(=O)[C@H]([C@@H](C)O)NC(=O)[C@H](CCC(N)=O)NC1=O,**,**,,,,,,,,,,,,,,,,,True,False,True,False,270,270,WO2017011820A2.csv,1
946.0,CC(=O)NCCCC[C@H](NC(=O)C(C)(C)NC(=O)[C@H](Cc1ccc2ccccc2c1)NC(=O)[C@H](Cc1ccc(OCCN)cc1)NC(=O)[C@@H]1CSCC[C@H](NC(C)=O)C(=O)N[C@@H](CCC(N)=O)C(=O)N[C@@H]([C@@H](C)O)C(=O)N[C@@H](Cc2c[nH]c3ccccc23)C(=O)N[C@@H](CCC(N)=O)C(=O)N1)C(=O)N[C@@H](CC(N)=O)C(=O)NCC(N)=O,****,****,,,,,,,,,,,,,,,,,True,False,True,False,90,90,WO2017011820A2.csv,0
1040.0,CC(=O)N[C@H]1CCSC[C@@H](C(=O)N[C@@H](Cc2ccc(OCc3ccccc3)cc2)C(=O)N[C@@H](Cc2c[nH]c3ccccc23)C(=O)N[C@@](C)(CCCCNC(=O)CCOCCOCCOCCOCCOCCOCCOCCOCCOCCOCCOCCOCCOCCOCCOCCOCCOCCOCCOCCOCCOCCOCCOCCOCCOCCOCCC(=O)NCCCC[C@](C)(NC(=O)[C@H](Cc2c[nH]c3ccccc23)NC(=O)[C@H](Cc2ccc(OCc3ccccc3)cc2)NC(=O)[C@@H]2CSCC[C@H](NC(C)=O)C(=O)N[C@@H](CCC(N)=O)C(=O)N[C@@H]([C@@H](C)O)C(=O)N[C@@H](Cc3c[nH]c4ccccc34)C(=O)N[C@@H](CCC(N)=O)C(=O)N2)C(=O)N[C@@H](CCC(=O)O)C(=O)N[C@@H](CC(N)=O)C(=O)NCC(N)=O)C(=O)N[C@@H](CCC(=O)O)C(=O)N[C@@H](CC(N)=O)C(=O)NCC(N)=O)NC(=O)[C@H](CCC(N)=O)NC(=O)[C@H](Cc2c[nH]c3ccccc23)NC(=O)[C@H]([C@@H](C)O)NC(=O)[C@H](CCC(N)=O)NC1=O,**,*****,,,,,,,,,,,,,,,,,True,False,True,False,270,30,WO2017011820A2.csv,0
965.0,CC(=O)N[C@@H](CCC(=O)O)C(=O)N[C@H]1CCSC[C@@H](C(=O)N[C@@H](Cc2ccc(OCCN)cc2)C(=O)N[C@@H](Cc2ccc3ccccc3c2)C(=O)N[C@@](C)(CCCCN)C(=O)N[C@@H](CCC(=O)O)C(=O)N[C@@H](CC(N)=O)C(=O)N[C@@H](CC(N)=O)C(N)=O)NC(=O)[C@H](CCC(N)=O)NC(=O)[C@H](Cc2c[nH]c3ccccc23)NC(=O)[C@H]([C@@H](C)O)NC(=O)[C@H](CCC(N)=O)NC1=O,*,***,,,,,,,,,,,,,,,,,True,False,True,False,420,150,WO2017011820A2.csv,0
966.0,CC(=O)N[C@H](CCC(=O)O)C(=O)N[C@H]1CCSC[C@@H](C(=O)N[C@@H](Cc2ccc(OCCN)cc2)C(=O)N[C@@H](Cc2ccc3ccccc3c2)C(=O)N[C@@](C)(CCCCN)C(=O)N[C@@H](CCC(=O)O)C(=O)N[C@@H](CC(N)=O)C(=O)N[C@@H](CC(N)=O)C(N)=O)NC(=O)[C@H](CCC(N)=O)NC(=O)[C@H](Cc2c[nH]c3ccccc23)NC(=O)[C@H]([C@@H](C)O)NC(=O)[C@H](CCC(N)=O)NC1=O,*,****,,,,,,,,,,,,,,,,,True,False,True,False,420,90,WO2017011820A2.csv,0
967.0,CC(=O)N[C@@H](CCCNC(=N)N)C(=O)N[C@H]1CCSC[C@@H](C(=O)N[C@@H](Cc2ccc(OCCN)cc2)C(=O)N[C@@H](Cc2ccc3ccccc3c2)C(=O)N[C@@](C)(CCCCN)C(=O)N[C@@H](CCC(=O)O)C(=O)N[C@@H](CC(N)=O)C(=O)N[C@@H](CC(N)=O)C(N)=O)NC(=O)[C@H](CCC(N)=O)NC(=O)[C@H](Cc2c[nH]c3ccccc23)NC(=O)[C@H]([C@@H](C)O)NC(=O)[C@H](CCC(N)=O)NC1=O,*****,***,,,,,,,,,,,,,,,,,True,False,True,False,30,150,WO2017011820A2.csv,0
1041.0,CC(=O)N[C@H](CCCNC(=N)N)C(=O)N[C@H]1CCSC[C@@H](C(=O)N[C@@H](Cc2ccc(OCCN)cc2)C(=O)N[C@@H](Cc2ccc3ccccc3c2)C(=O)N[C@@](C)(CCCCN)C(=O)N[C@@H](CCC(=O)O)C(=O)N[C@@H](CC(N)=O)C(=O)N[C@@H](CC(N)=O)C(N)=O)NC(=O)[C@H](CCC(N)=O)NC(=O)[C@H](Cc2c[nH]c3ccccc23)NC(=O)[C@H]([C@@H](C)O)NC(=O)[C@H](CCC(N)=O)NC1=O,*,**,,,,,,,,,,,,,,,,,True,False,True,False,420,270,WO2017011820A2.csv,1
969.0,CC(=O)N[C@@H](Cc1ccccc1)C(=O)N[C@H]1CCSC[C@@H](C(=O)N[C@@H](Cc2ccc(OCCN)cc2)C(=O)N[C@@H](Cc2ccc3ccccc3c2)C(=O)N[C@@](C)(CCCCN)C(=O)N[C@@H](CCC(=O)O)C(=O)N[C@@H](CC(N)=O)C(=O)N[C@@H](CC(N)=O)C(N)=O)NC(=O)[C@H](CCC(N)=O)NC(=O)[C@H](Cc2c[nH]c3ccccc23)NC(=O)[C@H]([C@@H](C)O)NC(=O)[C@H](CCC(N)=O)NC1=O,****,***,,,,,,,,,,,,,,,,,True,False,True,False,90,150,WO2017011820A2.csv,0
970.0,CC(=O)N[C@H](Cc1ccccc1)C(=O)N[C@H]1CCSC[C@@H](C(=O)N[C@@H](Cc2ccc(OCCN)cc2)C(=O)N[C@@H](Cc2ccc3ccccc3c2)C(=O)N[C@@](C)(CCCCN)C(=O)N[C@@H](CCC(=O)O)C(=O)N[C@@H](CC(N)=O)C(=O)N[C@@H](CC(N)=O)C(N)=O)NC(=O)[C@H](CCC(N)=O)NC(=O)[C@H](Cc2c[nH]c3ccccc23)NC(=O)[C@H]([C@@H](C)O)NC(=O)[C@H](CCC(N)=O)NC1=O,**,***,,,,,,,,,,,,,,,,,True,False,True,False,270,150,WO2017011820A2.csv,0
972.0,CC(=O)N[C@H](C(=O)N[C@H]1CCSC[C@@H](C(=O)N[C@@H](Cc2ccc(OCCN)cc2)C(=O)N[C@@H](Cc2ccc3ccccc3c2)C(=O)N[C@@](C)(CCCCN)C(=O)N[C@@H](CCC(=O)O)C(=O)N[C@@H](CC(N)=O)C(=O)N[C@@H](CC(N)=O)C(N)=O)NC(=O)[C@H](CCC(N)=O)NC(=O)[C@H](Cc2c[nH]c3ccccc23)NC(=O)[C@H]([C@@H](C)O)NC(=O)[C@H](CCC(N)=O)NC1=O)[C@@H](C)O,*,***,,,,,,,,,,,,,,,,,True,False,True,False,420,150,WO2017011820A2.csv,0
973.0,CC(=O)N[C@@H](CC(C)C)C(=O)N[C@H]1CCSC[C@@H](C(=O)N[C@@H](Cc2ccc(OCCN)cc2)C(=O)N[C@@H](Cc2ccc3ccccc3c2)C(=O)N[C@@](C)(CCCCN)C(=O)N[C@@H](CCC(=O)O)C(=O)N[C@@H](CC(N)=O)C(=O)N[C@@H](CC(N)=O)C(N)=O)NC(=O)[C@H](CCC(N)=O)NC(=O)[C@H](Cc2c[nH]c3ccccc23)NC(=O)[C@H]([C@@H](C)O)NC(=O)[C@H](CCC(N)=O)NC1=O,*,***,,,,,,,,,,,,,,,,,True,False,True,False,420,150,WO2017011820A2.csv,0
1042.0,CC(=O)N[C@H](CCC(N)=O)C(=O)N[C@H]1CCSC[C@@H](C(=O)N[C@@H](Cc2ccc(OCCN)cc2)C(=O)N[C@@H](Cc2ccc3ccccc3c2)C(=O)N[C@@](C)(CCCCN)C(=O)N[C@@H](CCC(=O)O)C(=O)N[C@@H](CC(N)=O)C(=O)N[C@@H](CC(N)=O)C(N)=O)NC(=O)[C@H](CCC(N)=O)NC(=O)[C@H](Cc2c[nH]c3ccccc23)NC(=O)[C@H]([C@@H](C)O)NC(=O)[C@H](CCC(N)=O)NC1=O,*,***,,,,,,,,,,,,,,,,,True,False,True,False,420,150,WO2017011820A2.csv,0
975.0,CC(=O)N[C@H]1CCSC[C@@H](C(=O)N[C@@H](Cc2ccc(OCCN)cc2)C(=O)N[C@@H](Cc2ccc3ccccc3c2)C(=O)NC2(C(=O)N[C@@H](CCC(=O)O)C(=O)N[C@@H](CC(N)=O)C(=O)N[C@@H](CC(N)=O)C(N)=O)CC2)NC(=O)[C@H](CCC(N)=O)NC(=O)[C@H](Cc2c[nH]c3ccccc23)NC(=O)[C@H]([C@@H](C)O)NC(=O)[C@H](CCC(N)=O)NC1=O,*****,*,,,,,,,,,,,,,,,,,True,False,True,False,30,420,WO2017011820A2.csv,1
976.0,CC(=O)N[C@H]1CCSC[C@@H](C(=O)N[C@@H](Cc2ccc(OCCN)cc2)C(=O)N[C@@H](Cc2ccc3ccccc3c2)C(=O)NC2(C(=O)N[C@@H](CCC(=O)O)C(=O)N[C@@H](CC(N)=O)C(=O)N[C@@H](CC(N)=O)C(N)=O)CCC2)NC(=O)[C@H](CCC(N)=O)NC(=O)[C@H](Cc2c[nH]c3ccccc23)NC(=O)[C@H]([C@@H](C)O)NC(=O)[C@H](CCC(N)=O)NC1=O,*****,****,,,,,,,,,,,,,,,,,True,False,True,False,30,90,WO2017011820A2.csv,0
1043.0,CC(=O)N[C@H]1CCSC[C@@H](C(=O)N[C@@H](Cc2ccc(OCCN)cc2)C(=O)N[C@@H](Cc2ccc3ccccc3c2)C(=O)NC2(C(=O)N[C@@H](CCC(=O)O)C(=O)N[C@@H](CC(N)=O)C(=O)N[C@@H](CC(N)=O)C(N)=O)CC2)NC(=O)[C@H](CCC(N)=O)NC(=O)[C@H](Cc2c[nH]c3ccccc23)NC(=O)[C@H]([C@@H](C)O)NC(=O)[C@H](CCC(N)=O)NC1=O,**,*,,,,,,,,,,,,,,,,,True,False,True,False,270,420,WO2017011820A2.csv,1
978.0,CC(=O)N[C@H]1CCSC[C@@H](C(=O)N[C@@H](Cc2ccc(OCCN)cc2)C(=O)N[C@@H](Cc2ccc3ccccc3c2)C(=O)NC2(C(=O)N[C@@H](CCC(=O)O)C(=O)N[C@@H](CC(N)=O)C(=O)N[C@@H](CC(N)=O)C(N)=O)CCCC2)NC(=O)[C@H](CCC(N)=O)NC(=O)[C@H](Cc2c[nH]c3ccccc23)NC(=O)[C@H]([C@@H](C)O)NC(=O)[C@H](CCC(N)=O)NC1=O,***,*,,,,,,,,,,,,,,,,,True,False,True,False,150,420,WO2017011820A2.csv,1
979.0,CC(=O)N[C@H]1CCSC[C@@H](C(=O)N[C@@H](Cc2ccc(OCCN)cc2)C(=O)N[C@@H](Cc2ccc3ccccc3c2)C(=O)NC2(C(=O)N[C@@H](CCC(=O)O)C(=O)N[C@@H](CC(N)=O)C(=O)N[C@@H](CC(N)=O)C(N)=O)CCNCC2)NC(=O)[C@H](CCC(N)=O)NC(=O)[C@H](Cc2c[nH]c3ccccc23)NC(=O)[C@H]([C@@H](C)O)NC(=O)[C@H](CCC(N)=O)NC1=O,*,*,,,,,,,,,,,,,,,,,True,False,True,False,420,420,WO2017011820A2.csv,1
972.0,CC(=O)N[C@H](C(=O)N[C@H]1CCSC[C@@H](C(=O)N[C@@H](Cc2ccc(OCCN)cc2)C(=O)N[C@@H](Cc2ccc3ccccc3c2)C(=O)N[C@@](C)(CCCCN)C(=O)N[C@@H](CCC(=O)O)C(=O)N[C@@H](CC(N)=O)C(=O)N[C@@H](CC(N)=O)C(N)=O)NC(=O)[C@H](CCC(N)=O)NC(=O)[C@H](Cc2c[nH]c3ccccc23)NC(=O)[C@H]([C@@H](C)O)NC(=O)[C@H](CCC(N)=O)NC1=O)[C@@H](C)O,*,*,,,,,,,,,,,,,,,,,True,False,True,False,420,420,WO2017011820A2.csv,1
9,CC[C@H](C)[C@H](NC(C)=O)C(=O)N[C@@H](CC1=CN=CN1)C(=O)N[C@@H](C(C)C)C(=O)N[C@@H]([C@@H](C)O)C(=O)N[C@@H]([C@@H](C)CC)C(=O)N1CCC[C@H]1C(=O)N[C@H]1CSCC2=CC(CSC[C@H](NC(=O)[C@H](CC3=CNC4=CC=CC=C34)NC(=O)[C@H](CC(C)C)NC(=O)[C@H](CC(O)=O)NC1=O)C(=O)N[C@@H](CC1=CNC3=CC=CC=C13)C(=O)N[C@@H]([C@@H](C)CC)C(=O)N[C@@H](CC(N)=O)C(N)=O)=CC=C2,1,1,,,,,,,,,,,,,,,,,True,False,True,False,30,30,sif_sgf_second.csv,0
11,CC[C@H](C)[C@H](NC(C)=O)C(=O)N[C@@H](CC1=CN=CN1)C(=O)N[C@@H](C(C)C)C(=O)N[C@@H]([C@@H](C)O)C(=O)N[C@@H]([C@@H](C)CC)C(=O)N1CCC[C@H]1C(=O)N[C@H]1CSCC2=CC=C(CSC[C@H](NC(=O)[C@H](CC3=CNC4=CC=CC=C34)NC(=O)[C@H](CC(C)C)NC(=O)[C@H](CC(O)=O)NC1=O)C(=O)N[C@@H](CC1=CNC3=CC=CC=C13)C(=O)N[C@@H]([C@@H](C)CC)C(=O)N[C@@H](CC(N)=O)C(N)=O)C=C2,1,1,,,,,,,,,,,,,,,,,True,False,True,False,30,30,sif_sgf_second.csv,0
29,CC[C@H](C)[C@H](NC(C)=O)C(=O)N[C@@H](CC1=CN=CN1)C(=O)N[C@@H](C(C)C)C(=O)N[C@@H]([C@@H](C)O)C(=O)N[C@@H]([C@@H](C)CC)C(=O)N1CCC[C@H]1C(=O)N[C@H]1CCCCNC(=O)CSC[C@H](NC(=O)[C@H](CC2=CNC3=CC=CC=C23)NC(=O)[C@H](CC(C)C)NC(=O)[C@H](CC(O)=O)NC1=O)C(=O)N[C@@H](CC1=CNC2=CC=CC=C12)C(=O)N[C@@H]([C@@H](C)CC)C(=O)N[C@@H](CC(N)=O)C(=O)N[C@H](CCCNC(N)=N)C(N)=O,1,1,,,,,,,,,,,,,,,,,True,False,True,False,30,30,sif_sgf_second.csv,0
30,CC[C@H](C)[C@H](NC(C)=O)C(=O)N[C@@H](CC1=CN=CN1)C(=O)N[C@@H](C(C)C)C(=O)N[C@@H]([C@@H](C)O)C(=O)N[C@@H]([C@@H](C)CC)C(=O)N1CCC[C@H]1C(=O)N[C@H]1CSCC(=O)NCCCC[C@H](NC(=O)[C@H](CC2=CNC3=CC=CC=C23)NC(=O)[C@H](CC(C)C)NC(=O)[C@H](CC(O)=O)NC1=O)C(=O)N[C@@H](CC1=CNC2=CC=CC=C12)C(=O)N[C@@H]([C@@H](C)CC)C(=O)N[C@@H](CC(N)=O)C(=O)N[C@H](CCCNC(N)=N)C(N)=O,1,1,,,,,,,,,,,,,,,,,True,False,True,False,30,30,sif_sgf_second.csv,0
31,CC[C@H](C)[C@H](NC(C)=O)C(=O)N[C@@H](CC1=CN=CN1)C(=O)N[C@@H](C(C)C)C(=O)N[C@@H]([C@@H](C)O)C(=O)N[C@@H]([C@@H](C)CC)C(=O)N1CCC[C@H]1C(=O)N[C@H]1CSCC2=CC=C(CSC[C@H](NC(=O)[C@H](CC3=CNC4=CC=CC=C34)NC(=O)[C@H](CC(C)C)NC(=O)[C@H](CC(O)=O)NC1=O)C(=O)N[C@@H](CC1=CNC3=CC=CC=C13)C(=O)N[C@@H]([C@@H](C)CC)C(=O)N[C@@H](CC(N)=O)C(=O)N[C@H](CCCNC(N)=N)C(N)=O)C=C2,1,1,,,,,,,,,,,,,,,,,True,False,True,False,30,30,sif_sgf_second.csv,0
31,CC[C@H](C)[C@H](NC(C)=O)C(=O)N[C@@H](CC1=CN=CN1)C(=O)N[C@@H](C(C)C)C(=O)N[C@@H]([C@@H](C)O)C(=O)N[C@@H]([C@@H](C)CC)C(=O)N1CCC[C@H]1C(=O)N[C@H]1CSCC2=CC(CSC[C@H](NC(=O)[C@H](CC3=CNC4=CC=CC=C34)NC(=O)[C@H](CC(C)C)NC(=O)[C@H](CC(O)=O)NC1=O)C(=O)N[C@@H](CC1=CNC3=CC=CC=C13)C(=O)N[C@@H]([C@@H](C)CC)C(=O)N[C@@H](CC(N)=O)C(=O)N[C@H](CCCNC(N)=N)C(N)=O)=CC=C2,1,1,,,,,,,,,,,,,,,,,True,False,True,False,30,30,sif_sgf_second.csv,0
31,CC[C@H](C)[C@H](NC(C)=O)C(=O)N[C@@H](CC1=CN=CN1)C(=O)N[C@@H](C(C)C)C(=O)N[C@@H]([C@@H](C)O)C(=O)N[C@@H]([C@@H](C)CC)C(=O)N1CCC[C@H]1C(=O)N[C@H]1CSCC2=C(CSC[C@H](NC(=O)[C@H](CC3=CNC4=CC=CC=C34)NC(=O)[C@H](CC(C)C)NC(=O)[C@H](CC(O)=O)NC1=O)C(=O)N[C@@H](CC1=CNC3=CC=CC=C13)C(=O)N[C@@H]([C@@H](C)CC)C(=O)N[C@@H](CC(N)=O)C(=O)N[C@H](CCCNC(N)=N)C(N)=O)C=CC=C2,1,1,,,,,,,,,,,,,,,,,True,False,True,False,30,30,sif_sgf_second.csv,0
32,CC[C@H](C)[C@H](NC(C)=O)C(=O)N[C@@H]([C@@H](C)O)C(=O)N[C@@H](C(C)C)C(=O)N[C@@H]([C@@H](C)O)C(=O)N[C@@H]([C@@H](C)CC)C(=O)N1CCC[C@H]1C(=O)N[C@H]1CSCC2=CC=C(CSC[C@H](NC(=O)[C@H](CC3=CNC4=CC=CC=C34)NC(=O)[C@H](CC(C)C)NC(=O)[C@H](CC(O)=O)NC1=O)C(=O)N[C@@H](CC1=CNC3=CC=CC=C13)C(=O)N[C@@H]([C@@H](C)CC)C(=O)N[C@@H](CC(N)=O)C(=O)N[C@H](CCCNC(N)=N)C(N)=O)C=C2,1,1,,,,,,,,,,,,,,,,,True,False,True,False,30,30,sif_sgf_second.csv,0
32,CC[C@H](C)[C@H](NC(C)=O)C(=O)N[C@@H]([C@@H](C)O)C(=O)N[C@@H](C(C)C)C(=O)N[C@@H]([C@@H](C)O)C(=O)N[C@@H]([C@@H](C)CC)C(=O)N1CCC[C@H]1C(=O)N[C@H]1CSCC2=CC(CSC[C@H](NC(=O)[C@H](CC3=CNC4=CC=CC=C34)NC(=O)[C@H](CC(C)C)NC(=O)[C@H](CC(O)=O)NC1=O)C(=O)N[C@@H](CC1=CNC3=CC=CC=C13)C(=O)N[C@@H]([C@@H](C)CC)C(=O)N[C@@H](CC(N)=O)C(=O)N[C@H](CCCNC(N)=N)C(N)=O)=CC=C2,1,1,,,,,,,,,,,,,,,,,True,False,True,False,30,30,sif_sgf_second.csv,0
33,[H][C@](NC(=O)[C@@H](NC(=O)[C@@]([H])(NC(=O)[C@@]([H])(NC(C)=O)[C@@H](C)CC)[C@@H](C)O)C(C)C)([C@@H](C)O)C(=O)N[C@@]([H])([C@@H](C)CC)C(=O)N1CCC[C@H]1C(=O)N[C@H]1CSCC2=CC(CSC[C@H](NC(=O)[C@H](CC3=CNC4=C3C=CC=C4)NC(=O)[C@H](CC(C)C)NC(=O)C(C[C@H](NC1=O)C(O)=O)C(O)=O)C(=O)N[C@@H](CC1=CNC3=C1C=CC=C3)C(=O)N[C@@]([H])([C@@H](C)CC)C(=O)N[C@@H](CC(N)=O)C(=O)N[C@H](CCCNC(N)=N)C(N)=O)=CC=C2,1,1,,,,,,,,,,,,,,,,,True,False,True,False,30,30,sif_sgf_second.csv,0
340,[H]NC(=O)C[C@H](NC(=O)[C@@H]1CSCC2=CC=C(CSC[C@H](NC(=O)[C@@]([H])(NC(=O)[C@H](CC(C)(C)C)NC(=O)[C@H](CC3=CN=CC=C3)NC(=O)[C@@]([H])(NC(C)=O)[C@@H](C)CC)[C@@H](C)O[H])C(=O)N3C4CCCCC4C[C@H]3C(=O)N[C@@H](C)C(=O)N[C@@H](CC(O)=O)C(=O)N[C@@H](CCCCCCCC)C(=O)N[C@@H](CC3=CN([H])C4=C3C=CC=C4)C(=O)N[C@@H](CC(O)=O)C(=O)N[C@@H](CC3=CN([H])C4=C3C=CC=C4)C(=O)N1)C=C2)C(=O)N[C@H](CCCN=C(N)N[H])C(N)=O,2,1,,,,,,,,,,,,,,,,,True,False,True,False,75,30,sif_sgf_second.csv,0
341,[H]NC(=O)C[C@H](NC(=O)[C@@H]1CSCC2=CC=C(CSC[C@H](NC(=O)[C@@]([H])(NC(=O)[C@H](CC(C)(C)C)NC(=O)[C@H](CC3=CC=C(C=C3)C(N)=O)NC(=O)[C@@]([H])(NC(C)=O)[C@@H](C)CC)[C@@H](C)O[H])C(=O)N3C4CCCCC4C[C@H]3C(=O)N[C@@H](C)C(=O)N[C@@H](CC(O)=O)C(=O)N[C@@H](CCCCCCCC)C(=O)N[C@@H](CC3=CN([H])C4=C3C=CC=C4)C(=O)N[C@@H](CC(O)=O)C(=O)N[C@@H](CC3=CN([H])C4=C3C=CC=C4)C(=O)N1)C=C2)C(=O)N[C@H](CCCN=C(N)N[H])C(N)=O,3,1,,,,,,,,,,,,,,,,,True,False,True,False,105,30,sif_sgf_second.csv,0
342,[H]NCCC[C@H](NC(=O)[C@@]([H])(NC(C)=O)[C@@H](C)CC)C(=O)N[C@@H](CC(C)(C)C)C(=O)N[C@@]([H])([C@@H](C)O[H])C(=O)N[C@H]1CSCC2=CC=C(CSC[C@H](NC(=O)[C@H](CC3=CN([H])C4=C3C=CC=C4)NC(=O)[C@H](CC(O)=O)NC(=O)[C@H](CC3=CN([H])C4=C3C=CC=C4)NC(=O)[C@H](CCCCCCCC)NC(=O)[C@H](CC(O)=O)NC(=O)[C@H](C)NC(=O)[C@@H]3CC4CCCCC4N3C1=O)C(=O)N[C@@H](CC(=O)N[H])C(=O)N[C@H](CCCN=C(N)N[H])C(N)=O)C=C2,3,4,,,,,,,,,,,,,,,,,True,False,True,False,105,150,sif_sgf_second.csv,0
343,[H]NC(=O)C[C@H](NC(=O)[C@@H]1CSCC2=CC=C(CSC[C@H](NC(=O)[C@@]([H])(NC(=O)[C@H](CC(C)(C)C)NC(=O)[C@H](CC3=CC=C(C=C3)C(N)=O)NC(=O)[C@@]([H])(NC(C)=O)[C@@H](C)CC)[C@@H](C)O[H])C(=O)N3C4CCCCC4C[C@H]3C(=O)N[C@@H](CC3=CN([H])C=N3)C(=O)N[C@@H](CC(O)=O)C(=O)N[C@@H](CCCCCCCC)C(=O)N[C@@H](CC3=CN([H])C4=C3C=CC=C4)C(=O)N[C@@H](CCC(O)=O)C(=O)N[C@@H](CC3=CN([H])C4=C3C=CC=C4)C(=O)N1)C=C2)C(=O)N[C@H](CCCN=C(N)N[H])C(N)=O,4,1,,,,,,,,,,,,,,,,,True,False,True,False,150,30,sif_sgf_second.csv,0
344,[H]NC(=O)C[C@H](NC(=O)[C@@H]1CSCC2=CC=C(CSC[C@H](NC(=O)[C@@]([H])(NC(=O)[C@H](CC(C)(C)C)NC(=O)[C@H](CC3=CN=CC=C3)NC(=O)[C@@]([H])(NC(C)=O)[C@@H](C)CC)[C@@H](C)O[H])C(=O)N3C4CCCCC4C[C@H]3C(=O)N[C@@H](CC3=CN([H])C=N3)C(=O)N[C@@H](CC(C(O)=O)C(=O)N[C@@H](CCCCCCCC)C(=O)N[C@@H](CC3=CN([H])C4=C3C=CC=C4)C(=O)N[C@@H](CCC(O)=O)C(=O)N[C@@H](CC3=CN([H])C4=C3C=CC=C4)C(=O)N1)C(O)=O)C=C2)C(=O)N[C@H](CCCN=C(N)N[H])C(N)=O,4,1,,,,,,,,,,,,,,,,,True,False,True,False,150,30,sif_sgf_second.csv,0
346,[H]NC(=O)C[C@H](NC(=O)[C@@H]1CSCC2=CC=CC(CSC[C@H](NC(=O)[C@@]([H])(NC(=O)[C@H](CC(C)(C)C)NC(=O)[C@H](CC3=CN([H])C=N3)NC(=O)[C@@]([H])(NC(C)=O)[C@@H](C)CC)[C@@H](C)O[H])C(=O)N3C4CCCCC4C[C@H]3C(=O)N[C@@H](CC3=CN([H])C=N3)C(=O)N[C@@H](CC(O)=O)C(=O)N[C@@H](CCCCCCCC)C(=O)N[C@@H](CC3=CN([H])C4=C3C=CC=C4)C(=O)N[C@@H](CCC(O)=O)C(=O)N[C@@H](CC3=CN([H])C4=C3C=CC=C4)C(=O)N1)=C2)C(=O)N[C@H](CCCN=C(N)N[H])C(N)=O,3,1,,,,,,,,,,,,,,,,,True,False,True,False,105,30,sif_sgf_second.csv,0
343,[H]NC(=O)C[C@H](NC(=O)[C@@H]1CSCC2=CC=CC(CSC[C@H](NC(=O)[C@@]([H])(NC(=O)[C@H](CC(C)(C)C)NC(=O)[C@H](CC3=CC=C(C=C3)C(N)=O)NC(=O)[C@@]([H])(NC(C)=O)[C@@H](C)CC)[C@@H](C)O[H])C(=O)N3C4CCCCC4C[C@H]3C(=O)N[C@@H](CC3=CN([H])C=N3)C(=O)N[C@@H](CC(O)=O)C(=O)N[C@@H](CCCCCCCC)C(=O)N[C@@H](CC3=CN([H])C4=C3C=CC=C4)C(=O)N[C@@H](CCC(O)=O)C(=O)N[C@@H](CC3=CN([H])C4=C3C=CC=C4)C(=O)N1)=C2)C(=O)N[C@H](CCCN=C(N)N[H])C(N)=O,4,1,,,,,,,,,,,,,,,,,True,False,True,False,150,30,sif_sgf_second.csv,0
347,[H]NC(=O)C[C@H](NC(=O)[C@@H]1CSCC2=CC=CC(CSC[C@H](NC(=O)[C@@]([H])(NC(=O)[C@H](CC(C)(C)C)NC(=O)[C@H](CC3=CN=CC=C3)NC(=O)[C@@]([H])(NC(C)=O)[C@@H](C)CC)[C@@H](C)O[H])C(=O)N3C4CCCCC4C[C@H]3C(=O)N[C@@H](CC3=CN([H])C=N3)C(=O)N[C@@H](CC(O)=O)C(=O)N[C@@H](CCCCCCCC)C(=O)N[C@@H](CC3=CN([H])C4=C3C=CC=C4)C(=O)N[C@@H](CCC(O)=O)C(=O)N[C@@H](CC3=CN([H])C4=C3C=CC=C4)C(=O)N1)=C2)C(=O)N[C@H](CCCN=C(N)N[H])C(N)=O,3,1,,,,,,,,,,,,,,,,,True,False,True,False,105,30,sif_sgf_second.csv,0
344,[H]NC(=O)C[C@H](NC(=O)[C@@H]1CSCC2=CC=CC(CSC[C@H](NC(=O)[C@@]([H])(NC(=O)[C@H](CC(C)(C)C)NC(=O)[C@H](CC3=CN=CC=C3)NC(=O)[C@@]([H])(NC(C)=O)[C@@H](C)CC)[C@@H](C)O[H])C(=O)N3C4CCCCC4C[C@H]3C(=O)N[C@@H](CC3=CN([H])C=N3)C(=O)N[C@@H](CC(C(O)=O)C(=O)N[C@@H](CCCCCCCC)C(=O)N[C@@H](CC3=CN([H])C4=C3C=CC=C4)C(=O)N[C@@H](CCC(O)=O)C(=O)N[C@@H](CC3=CN([H])C4=C3C=CC=C4)C(=O)N1)C(O)=O)=C2)C(=O)N[C@H](CCCN=C(N)N[H])C(N)=O,4,1,,,,,,,,,,,,,,,,,True,False,True,False,150,30,sif_sgf_second.csv,0
1,CC[C@H](C)[C@H](NC(C)=O)C(=O)N[C@@H](CC1=CN=CN1)C(=O)N[C@@H](C(C)C)C(=O)N[C@@H]([C@@H](C)O)C(=O)N[C@@H]([C@@H](C)CC)C(=O)N1CCC[C@H]1C(=O)N[C@@H](C)C(=O)N[C@@H](CC(O)=O)C(=O)N[C@@H](CC(C)C)C(=O)N[C@@H](CC1=CNC2=CC=CC=C12)C(=O)N[C@@H](CC(O)=O)C(=O)N[C@@H](CC1=CNC2=CC=CC=C12)C(=O)N[C@@H]([C@@H](C)CC)C(=O)N[C@@H](CC(N)=O)C(=O)N[C@@H](CCCCN)C(N)=O,1,1,,,,,,,,,,,,,,,,,True,False,True,False,30,30,sif_sgf_second.csv,0
2,[H]N([C@@H](CCCCN(C)C)C(N)=O)C(=O)[C@H](CCCCN)NC(=O)[C@@H](NC(=O)[C@H](CC1=CNC2=CC=CC=C12)NC(=O)[C@H](CC(O)=O)NC(=O)[C@H](CC1=CNC2=CC=CC=C12)NC(=O)[C@H](CC(C)C)NC(=O)[C@H](CC(O)=O)NC(=O)[C@H](C)NC(=O)[C@@H]1CCCN1C(=O)[C@@H](NC(=O)[C@@H](NC(=O)[C@@H](NC(=O)[C@@H](NC(=O)[C@@H](NC(C)=O)[C@@H](C)CC)[C@@H](C)O)C(C)C)[C@@H](C)O)[C@@H](C)CC)[C@@H](C)CC,1,1,,,,,,,,,,,,,,,,,True,False,True,False,30,30,sif_sgf_second.csv,0
3,CC[C@H](C)[C@H](NC(C)=O)C(=O)N[C@@H](CC1=CN=CN1)C(=O)N[C@@H](C(C)C)C(=O)N[C@@H]([C@@H](C)O)C(=O)N[C@@H]([C@@H](C)CC)C(=O)N1CCC[C@H]1C(=O)N[C@@H](C)C(=O)N[C@@H](CC(O)=O)C(=O)N[C@@H](CC(C)C)C(=O)N[C@@H](CC1=CNC2=CC=CC=C12)C(=O)N[C@@H](CC(O)=O)C(=O)N[C@@H](CC1=CNC2=CC=CC=C12)C(=O)N[C@@H]([C@@H](C)CC)C(=O)N[C@@H](CC(N)=O)C(N)=O,1,1,,,,,,,,,,,,,,,,,True,False,True,False,30,30,sif_sgf_second.csv,0
4,CC[C@H](C)[C@H](NC(C)=O)C(=O)N[C@@H]([C@@H](C)O)C(=O)N[C@@H](C(C)C)C(=O)N[C@@H]([C@@H](C)O)C(=O)N[C@@H]([C@@H](C)CC)C(=O)N1CCC[C@H]1C(=O)N[C@@H](C)C(=O)N[C@@H](CC(O)=O)C(=O)N[C@@H](CC(C)C)C(=O)N[C@@H](CC1=CNC2=CC=CC=C12)C(=O)N[C@@H](CC(O)=O)C(=O)N[C@@H](CC1=CNC2=CC=CC=C12)C(=O)N[C@@H]([C@@H](C)CC)C(=O)N[C@@H](CC(N)=O)C(=O)N[C@@H](CCCCN)C(N)=O,1,1,,,,,,,,,,,,,,,,,True,False,True,False,30,30,sif_sgf_second.csv,0
6,CC[C@H](C)[C@H](NC(C)=O)C(=O)N[C@@H](CC1=CN=CN1)C(=O)N[C@@H](C(C)C)C(=O)N[C@@H]([C@@H](C)O)C(=O)N[C@@H]([C@@H](C)CC)C(=O)N1CCC[C@H]1C(=O)N[C@@H](C)C(=O)N[C@@H](CC(O)=O)C(=O)N[C@@H](CC(C)C)C(=O)N[C@@H](CC1=CNC2=CC=CC=C12)C(=O)N[C@@H](CC(O)=O)C(=O)N[C@@H](CC1=CNC2=CC=CC=C12)C(=O)N[C@@H]([C@@H](C)CC)C(=O)N[C@@H](CC(N)=O)C(=O)N[C@H](CCCNC(N)=N)C(N)=O,1,1,,,,,,,,,,,,,,,,,True,False,True,False,30,30,sif_sgf_second.csv,0
67,[H]NCCCC[C@H](NC(=O)[C@@H]1CCCSSCCC[C@H](NC(=O)[C@@]([H])(NC(=O)[C@H](CC(C)(C)C)NC(=O)[C@H](CC2=CNC=N2)NC(=O)[C@@]([H])(NC(C)=O)[C@@H](C)CC)[C@@H](C)O)C(=O)N2CCC[C@H]2C(=O)N[C@@H](C)C(=O)N[C@@H](CC(O)=O)C(=O)N[C@@H](CCCCCCCC)C(=O)N[C@@H](CC2=CNC3=C2C=CC=C3)C(=O)N[C@@H](CC(O)=O)C(=O)N[C@@H](CC2=CNC3=C2C=CC=C3)C(=O)N1)C(=O)N[C@H](CCCNC(N)=N)C(N)=O,1,1,,,,,,,,,,,,,,,,,True,False,True,True,30,30,sif_sgf_second.csv,0
68,[H]NCCCC[C@H](NC(=O)[C@@H]1CCCSSCCC[C@H](NC(=O)[C@@]([H])(NC(=O)[C@H](CC(C)(C)C)NC(=O)[C@@]([H])(NC(=O)[C@@]([H])(NC(C)=O)[C@@H](C)CC)[C@@H](C)O)[C@@H](C)O)C(=O)N2CCC[C@H]2C(=O)N[C@@H](C)C(=O)N[C@@H](CC(O)=O)C(=O)N[C@@H](CCCCCCCC)C(=O)N[C@@H](CC2=CNC3=C2C=CC=C3)C(=O)N[C@@H](CC(O)=O)C(=O)N[C@@H](CC2=CNC3=C2C=CC=C3)C(=O)N1)C(=O)N[C@H](CCCNC(N)=N)C(N)=O,1,1,,,,,,,,,,,,,,,,,True,False,True,True,30,30,sif_sgf_second.csv,0
91,[H]C[C@@H]1NC(=O)[C@@H]2CC([H])CN2C(=O)[C@H](CCCCCCCC[C@H](NC(=O)[C@H](CC2=CNC3=CC=CC=C23)NC(=O)[C@H](CC(O)=O)NC(=O)[C@H](CC2=CNC3=CC=CC=C23)NC(=O)[C@H](CCCCCCCC)NC(=O)[C@H](CC(O)=O)NC1=O)C(=O)N[C@@H](CCCCN[H])C(=O)N[C@H](CCCNC(N)=N)C(N)=O)NC(=O)[C@@H](NC(=O)[C@H](CC(C)(C)C)NC(=O)[C@@H](NC(=O)[C@@H](NC(=O)C[H])[C@@H](C)CC)[C@@H](C)O)[C@@H](C)O,1,1,,,,,,,,,,,,,,,,,True,False,True,False,30,30,sif_sgf_second.csv,0
143,[H]NCCCC[C@H](NC(=O)[C@@H]1CCCSSCCC[C@H](NC(=O)[C@@]([H])(NC(=O)[C@H](CC(C)(C)C)NC(=O)[C@H](CC2=CN([H])C=N2)NC(=O)[C@@]([H])(NC(=O)CC(C)C)[C@@H](C)CC)[C@@H](C)O[H])C(=O)N2CCC[C@H]2C(=O)N[C@@H](C)C(=O)N[C@@H](CC(O)=O)C(=O)N[C@@H](CCCCCCCC)C(=O)N[C@@H](CC2=CN([H])C3=C2C=CC=C3)C(=O)N[C@@H](CC(O)=O)C(=O)N[C@@H](CC2=CN([H])C3=C2C=CC=C3)C(=O)N1)C(=O)N[C@H](CCCN=C(N)N[H])C(N)=O,1,1,,,,,,,,,,,,,,,,,True,False,True,True,30,30,sif_sgf_second.csv,0
186,[H]NCCCC[C@H](NC(=O)[C@@H]1CCCSSCCC[C@H](NC(=O)[C@@]([H])(NC(=O)[C@H](CC2CC2)NC(=O)[C@H](CCO)NC(=O)[C@@]([H])(NC(C)=O)[C@@H](C)CC)[C@@H](C)O)C(=O)N2CCC[C@H]2C(=O)N[C@@H](C)C(=O)N[C@@H](CC(C(O)=O)C(=O)N[C@@H](CCCCCCCC)C(=O)N[C@@H](CC2=CNC3=C2C=CC=C3)C(=O)N[C@@H](CC(O)=O)C(=O)N[C@@H](CC2=CNC3=C2C=CC=C3)C(=O)N1)C(O)=O)C(=O)N[C@H](CCCNC(N)=N)C(N)=O,1,1,,,,,,,,,,,,,,,,,True,False,True,True,30,30,sif_sgf_second.csv,0
15,[H]C[C@H](NC(=O)[C@@H]1CC([H])CN1C(=O)[C@@H](NC(=O)[C@@H](NC(=O)[C@@H](NC(=O)[C@@H](NC(=O)[C@H](CCCCNC(=O)COCCOCCNC(=O)COCCOCCNC(=O)CC[C@H](NC(=O)CCCCCCCCCCC)C(O)=O)NC(=O)C[H])[C@@H](C)O)C(C)C)[C@@H](C)O)[C@@H](C)CC)C(=O)N[C@@H](CC(O)=O)C(=O)N[C@@H](CC(C)C)C(=O)N[C@@H](CC1=CNC2=CC=CC=C12)C(=O)N[C@@H](CC(O)=O)C(=O)N[C@@H](CC1=CNC2=CC=CC=C12)C(=O)N[C@@H]([C@@H](C)CC)C(=O)N[C@@H](CCCCN[H])C(=O)N[C@H](CCCNC(N)=N)C(N)=O,1,1,,,,,,,,,,,,,,,,,True,False,True,False,30,30,sif_sgf_second.csv,0
16,[H]C[C@H](NC(=O)[C@@H]1CC([H])CN1C(=O)[C@@H](NC(=O)[C@@H](NC(=O)[C@@H](NC(=O)[C@H](CCCCNC(=O)COCCOCCNC(=O)COCCOCCNC(=O)CC[C@H](NC(=O)CCCCCCCCCCC)C(O)=O)NC(=O)[C@@H](NC(=O)C[H])[C@@H](C)CC)C(C)C)[C@@H](C)O)[C@@H](C)CC)C(=O)N[C@@H](CC(O)=O)C(=O)N[C@@H](CC(C)C)C(=O)N[C@@H](CC1=CNC2=CC=CC=C12)C(=O)N[C@@H](CC(O)=O)C(=O)N[C@@H](CC1=CNC2=CC=CC=C12)C(=O)N[C@@H]([C@@H](C)CC)C(=O)N[C@@H](CCCCN[H])C(=O)N[C@H](CCCNC(N)=N)C(N)=O,1,1,,,,,,,,,,,,,,,,,True,False,True,False,30,30,sif_sgf_second.csv,0
18,[H]C[C@H](NC(=O)[C@@H]1CC([H])CN1C(=O)[C@@H](NC(=O)[C@@H](NC(=O)[C@@H](NC(=O)[C@@H](NC(=O)[C@@H](NC(=O)C[H])[C@@H](C)CC)[C@@H](C)O)C(C)C)[C@@H](C)O)[C@@H](C)CC)C(=O)N[C@@H](CC(O)=O)C(=O)N[C@@H](CC(C)C)C(=O)N[C@@H](CCCCNC(=O)COCCOCCNC(=O)COCCOCCNC(=O)CC[C@H](NC(=O)CCCCCCCCCCC)C(O)=O)C(=O)N[C@@H](CC(O)=O)C(=O)N[C@@H](CC1=CNC2=CC=CC=C12)C(=O)N[C@@H]([C@@H](C)CC)C(=O)N[C@@H](CCCCN[H])C(=O)N[C@H](CCCNC(N)=N)C(N)=O,1,1,,,,,,,,,,,,,,,,,True,False,True,False,30,30,sif_sgf_second.csv,0
19,[H]C[C@H](NC(=O)[C@@H]1CC([H])CN1C(=O)[C@@H](NC(=O)[C@@H](NC(=O)[C@@H](NC(=O)[C@@H](NC(=O)[C@@H](NC(=O)C[H])[C@@H](C)CC)[C@@H](C)O)C(C)C)[C@@H](C)O)[C@@H](C)CC)C(=O)N[C@@H](CC(O)=O)C(=O)N[C@@H](CC(C)C)C(=O)N[C@@H](CC1=CNC2=CC=CC=C12)C(=O)N[C@@H](CCCCNC(=O)COCCOCCNC(=O)COCCOCCNC(=O)CC[C@H](NC(=O)CCCCCCCCCCC)C(O)=O)C(=O)N[C@@H](CC1=CNC2=CC=CC=C12)C(=O)N[C@@H]([C@@H](C)CC)C(=O)N[C@@H](CCCCN[H])C(=O)N[C@H](CCCNC(N)=N)C(N)=O,1,1,,,,,,,,,,,,,,,,,True,False,True,False,30,30,sif_sgf_second.csv,0
47,[H]CC(=O)N[C@@H]([C@@H](C)CC)C(=O)N[C@@H]([C@@H](C)O)C(=O)N[C@@H](C(C)C)C(=O)N[C@@H]([C@@H](C)O)C(=O)N[C@@H]([C@@H](C)CC)C(=O)N1CC([H])C[C@H]1C(=O)N[C@H]1CCC\C=C\CCC[C@H](NC(=O)[C@H](CC2=CNC3=CC=CC=C23)NC(=O)[C@H](CC(C)C)NC(=O)[C@H](CC(O)=O)NC1=O)C(=O)N[C@@H](CC1=CNC2=CC=CC=C12)C(=O)N[C@@H]([C@@H](C)CC)C(=O)N[C@@H](CC(N)=O)C(=O)N[C@H](CCCNC(N)=N)C(N)=O,1,1,,,,,,,,,,,,,,,,,True,False,True,False,30,30,sif_sgf_second.csv,0
48,[H]CC(=O)N[C@@H]([C@@H](C)CC)C(=O)N[C@@H]([C@@H](C)O)C(=O)N[C@@H](C(C)C)C(=O)N[C@@H]([C@@H](C)O)C(=O)N[C@@H]([C@@H](C)CC)C(=O)N1CC([H])C[C@H]1C(=O)N[C@H]1CCCC\C=C/CCCC[C@H](NC(=O)[C@H](CC2=CNC3=CC=CC=C23)NC(=O)[C@H](CC(C)C)NC(=O)[C@H](CC(O)=O)NC1=O)C(=O)N[C@@H](CC1=CNC2=CC=CC=C12)C(=O)N[C@@H]([C@@H](C)CC)C(=O)N[C@@H](CC(N)=O)C(=O)N[C@H](CCCNC(N)=N)C(N)=O,4,2,,,,,,,,,,,,,,,,,True,False,True,False,150,75,sif_sgf_second.csv,0
49,[H]C[C@H](NC(=O)[C@@H]1CC([H])CN1C(=O)[C@@H](NC(=O)[C@@H](NC(=O)[C@@H](NC(=O)[C@H](CC1=CN=CN1)NC(=O)[C@@H](NC(=O)C[H])[C@@H](C)CC)C(C)C)[C@@H](C)O)[C@@H](C)CC)C(=O)N[C@@H](CC(O)=O)C(=O)N[C@H]1CCC\C=C\CCC[C@H](NC(=O)[C@H](CC2=CNC3=CC=CC=C23)NC(=O)[C@H](CC(O)=O)NC(=O)[C@H](CC2=CNC3=CC=CC=C23)NC1=O)C(=O)N[C@@H](CC(N)=O)C(=O)N[C@H](CCCNC(N)=N)C(N)=O,1,1,,,,,,,,,,,,,,,,,True,False,True,False,30,30,sif_sgf_second.csv,0
125,[H]C[C@H](NC(=O)[C@@H]1CC([H])CN1C(=O)[C@@H](NC(=O)[C@@H](NC(=O)[C@@H](NC(=O)[C@H](CC1=CN=CN1)NC(=O)[C@@H](NC(=O)C[H])[C@@H](C)CC)C(C)C)[C@@H](C)O)[C@@H](C)CC)C(=O)N[C@@H](CC(O)=O)C(=O)N[C@H]1CCCCCCCC[C@H](NC(=O)[C@H](CC2=CNC3=CC=CC=C23)NC(=O)[C@H](CC(O)=O)NC(=O)[C@H](CC2=CNC3=CC=CC=C23)NC1=O)C(=O)N[C@@H](CCCCN[H])C(=O)N[C@H](CCCNC(N)=N)C(N)=O,1,1,,,,,,,,,,,,,,,,,True,False,True,False,30,30,sif_sgf_second.csv,0
397,[H]CC(=O)N[C@@H]([C@@H](C)CC)C(=O)N[C@@H](CC1=CN=CN1)C(=O)N[C@@H](CC(C)(C)C)C(=O)N[C@@H]([C@@H](C)O)C(=O)N[C@@H]([C@@H](C)CC)C(=O)N1[C@@H](C[C@]2([H])CCCC[C@]12[H])C(=O)N[C@@]1(C)CCC\C=C\CCC[C@](C)(NC(=O)[C@H](CC2=CNC3=CC=CC=C23)NC(=O)[C@H](CCCCCCCC)NC(=O)[C@H](CC(C(O)=O)C(O)=O)NC1=O)C(=O)N[C@@H](CC1=CNC2=CC=CC=C12)C(=O)N[C@@H]([C@@H](C)CC)C(=O)N[C@@H](CC(N)=O)C(=O)N[C@H](CCCNC(N)=N)C(N)=O,4,4,,,,,,,,,,,,,,,,,True,False,True,False,150,150,sif_sgf_second.csv,0
398,[H]CC(=O)N[C@@H]([C@@H](C)CC)C(=O)N[C@@H](CCC(N)=O)C(=O)N[C@@H](C(C)C)C(=O)N[C@@H]([C@@H](C)O)C(=O)N[C@@H]([C@@H](C)CC)C(=O)N1[C@@H](C[C@]2([H])CCCC[C@]12[H])C(=O)N[C@@]1(C)CCC\C=C\CCC[C@](C)(NC(=O)[C@H](CC2=CNC3=CC=CC=C23)NC(=O)[C@H](CCCCCCCC)NC(=O)[C@H](CC(C(O)=O)C(O)=O)NC1=O)C(=O)N[C@@H](CC1=CNC2=CC=CC=C12)C(=O)N[C@@H]([C@@H](C)CC)C(=O)N[C@@H](CC(N)=O)C(=O)N[C@H](CCCNC(N)=N)C(N)=O,2,3,,,,,,,,,,,,,,,,,True,False,True,False,75,105,sif_sgf_second.csv,0
399,[H]CC(=O)N[C@@H](CCC(O)=O)C(=O)N[C@@H]([C@@H](C)CC)C(=O)N[C@@H](CC1=CN=CN1)C(=O)N[C@@H](CC(C)(C)C)C(=O)N[C@@H]([C@@H](C)O)C(=O)N[C@@H]([C@@H](C)CC)C(=O)N1[C@@H](C[C@]2([H])CCCC[C@]12[H])C(=O)N[C@@]1(C)CCC\C=C\CCC[C@](C)(NC(=O)[C@H](CC2=CNC3=CC=CC=C23)NC(=O)[C@H](CCCCCCCC)NC(=O)[C@H](CC(C(O)=O)C(O)=O)NC1=O)C(=O)N[C@@H](CC1=CNC2=CC=CC=C12)C(=O)N[C@@H]([C@@H](C)CC)C(=O)N[C@@H](CC(N)=O)C(=O)N[C@H](CCCNC(N)=N)C(N)=O,2,3,,,,,,,,,,,,,,,,,True,False,True,False,75,105,sif_sgf_second.csv,0
397,[H]CC(=O)N[C@@H]([C@@H](C)CC)C(=O)N[C@@H](CC1=CN=CN1)C(=O)N[C@@H](CC(C)(C)C)C(=O)N[C@@H]([C@@H](C)O)C(=O)N[C@@H]([C@@H](C)CC)C(=O)N1[C@@H](C[C@]2([H])CCCC[C@]12[H])C(=O)N[C@@]1(C)CCC\C=C\CCC[C@](C)(NC(=O)[C@H](CC2=CNC3=CC=CC=C23)NC(=O)[C@H](CCCCCCCC)NC(=O)[C@H](CC(C(O)=O)C(O)=O)NC1=O)C(=O)N[C@@H](CC1=CNC2=CC=CC=C12)C(=O)N[C@@H]([C@@H](C)CC)C(=O)N[C@@H](CC(N)=O)C(=O)N[C@H](CCCNC(N)=N)C(N)=O,4,4,,,,,,,,,,,,,,,,,True,False,True,False,150,150,sif_sgf_second.csv,0
50,[H]CC(=O)N[C@@H]([C@@H](C)CC)C(=O)N[C@@H]([C@@H](C)O)C(=O)N[C@@H](CC(C)(C)C)C(=O)N[C@@H]([C@@H](C)O)C(=O)N[C@@H]([C@@H](C)CC)C(=O)N1CC([H])C[C@H]1C(=O)N[C@@]1(C)CCC\C=C\CCC[C@](C)(NC(=O)[C@H](CC2=CNC3=CC=CC=C23)NC(=O)[C@H](CCCCCCCC)NC(=O)[C@H](CC(O)=O)NC1=O)C(=O)N[C@@H](CC1=CNC2=CC=CC=C12)C(=O)N[C@@H]([C@@H](C)CC)C(=O)N[C@@H](CC(N)=O)C(=O)N[C@H](CCCNC(N)=N)C(N)=O,4,4,,,,,,,,,,,,,,,,,True,False,True,False,150,150,sif_sgf_second.csv,0
89,[H]CC(=O)N[C@@H]([C@@H](C)CC)C(=O)N[C@@H]([C@@H](C)O)C(=O)N[C@@H](CC(C)(C)C)C(=O)N[C@@H]([C@@H](C)O)C(=O)N[C@@H]([C@@H](C)CC)C(=O)N1CC([H])C[C@H]1C(=O)N[C@@]1(C)CCC\C=C\CCC[C@](C)(NC(=O)[C@H](CC2=CNC3=CC=CC=C23)NC(=O)[C@H](CCCCCCCC)NC(=O)[C@H](CC(O)=O)NC1=O)C(=O)N[C@@H](CC1=CNC2=CC=CC=C12)C(=O)N[C@@H]([C@@H](C)CC)C(=O)N[C@@H](CC(N)=O)C(=O)N[C@H](CCCNC(N)=N)C(=O)N[C@@H](CCCCN[H])C(N)=O,4,4,,,,,,,,,,,,,,,,,True,False,True,False,150,150,sif_sgf_second.csv,0
63,[H]CC(=O)N[C@@H]([C@@H](C)CC)C(=O)N[C@@H]([C@@H](C)O)C(=O)N[C@@H](CC(C)(C)C)C(=O)N[C@@H]([C@@H](C)O)C(=O)N[C@@H]([C@@H](C)CC)C(=O)N1CC[C@H]1C(=O)N[C@H]1CSCC(=O)NCCCC[C@H](NC(=O)[C@H](CC2=CNC3=CC=CC=C23)NC(=O)[C@H](CCCCCCCC)NC(=O)[C@H](CC(O)=O)NC1=O)C(=O)N[C@@H](CC1=CNC2=CC=CC=C12)C(=O)N[C@@H](CC1CCCCC1)C(=O)N[C@@H](CCCCN[H])C(=O)N[C@H](CCCNC(N)=N)C(N)=O,1,1,,,,,,,,,,,,,,,,,True,False,True,False,30,30,sif_sgf_second.csv,0
120,[H]CC(=O)N[C@@H]([C@@H](C)CC)C(=O)N[C@@H](CC1=CN=CN1)C(=O)N[C@@H](CC(C)(C)C)C(=O)N[C@@H]([C@@H](C)O)C(=O)N[C@@H]([C@@H](C)CC)C(=O)N1CC([H])C[C@H]1C(=O)N[C@H]1CSCC(=O)NCCCC[C@@H]2NC(=O)[C@H](CC3=CNC4=CC=CC=C34)NC(=O)[C@H](CCC\C=C/CCC[C@H](NC(=O)[C@H](CC3=CNC4=CC=CC=C34)NC2=O)C(=O)N[C@@H](CCCCN[H])C(=O)N[C@H](CCCNC(N)=N)C(N)=O)NC(=O)[C@H](CC(O)=O)NC1=O,1,1,,,,,,,,,,,,,,,,,True,False,True,False,30,30,sif_sgf_second.csv,0
84,[H]NCCCC[C@H](NC(=O)[C@H](CC1CCCCC1)NC(=O)[C@H](CC1=CN([H])C2=C1C=CC=C2)NC(=O)[C@H](CC(O)=O)NC(=O)[C@H](CC1=CN([H])C2=C1C=CC=C2)NC(=O)[C@H](CCCCCCCC)NC(=O)[C@H](CC(O)=O)NC(=O)[C@H](C)NC(=O)[C@H]1CCCCN1C(=O)[C@@]([H])(NC(=O)[C@@]([H])(NC(=O)[C@H](CC(C)(C)C)NC(=O)[C@H](CC1=CN([H])C=N1)NC(=O)[C@@]([H])(NC(C)=O)[C@@H](C)CC)[C@@H](C)O[H])[C@@H](C)CC)C(=O)N[C@H](CCCN=C(N)N[H])C(N)=O,1,1,,,,,,,,,,,,,,,,,True,False,True,False,30,30,sif_sgf_second.csv,0
88,[H]NCCCC[C@H](NC(=O)[C@H](CC1CCCCC1)NC(=O)[C@H](CC1=CN([H])C2=C1C=CC=C2)NC(=O)[C@H](CC(O)=O)NC(=O)[C@H](CC1=CN([H])C2=C1C=CC=C2)NC(=O)[C@H](CCCCCCCC)NC(=O)[C@H](CC(O)=O)NC(=O)[C@H](C)NC(=O)[C@@H]1CCN1C(=O)[C@@]([H])(NC(=O)[C@@]([H])(NC(=O)[C@H](CC(C)(C)C)NC(=O)[C@H](CC1=CN([H])C=N1)NC(=O)[C@@]([H])(NC(C)=O)[C@@H](C)CC)[C@@H](C)O[H])[C@@H](C)CC)C(=O)N[C@H](CCCN=C(N)N[H])C(N)=O,1,1,,,,,,,,,,,,,,,,,True,False,True,False,30,30,sif_sgf_second.csv,0
200,CC(=O)N[C@H]1CSSC(C)(C)[C@@H](C(=O)N[C@@H](Cc2c[nH]c3ccccc23)C(=O)N[C@H](CCCCNC(=O)COCC(=O)NCCCC[C@@H](NC(=O)[C@H](Cc2c[nH]c3ccccc23)NC(=O)[C@H]2NC(=O)[C@H](CC(C)C)NC(=O)[C@H]([C@@H](C)O)NC(=O)[C@H](CC(=O)O)NC(=O)[C@H](CO)NC(=O)[C@H](CCCNC(=N)N)N(C)C(=O)[C@@H](NC(C)=O)CSSC2(C)C)C(N)=O)C(N)=O)NC(=O)[C@H](CC(C)C)NC(=O)[C@H]([C@@H](C)O)NC(=O)[C@H](CC(=O)O)NC(=O)[C@H](CO)NC(=O)[C@H](CCCNC(=N)N)N(C)C1=O,8,360.0,,,,,,,,,,,,,,,,,True,False,True,True,8,360,US9809623B2.csv,1
201,CC(=O)N[C@H]1CSSC(C)(C)[C@@H](C(=O)N[C@@H](CCC(=O)O)C(=O)N[C@H](CCCCNC(=O)COCC(=O)NCCCC[C@@H](NC(=O)[C@H](CCC(=O)O)NC(=O)[C@H]2NC(=O)[C@H](CC(C)C)NC(=O)[C@H]([C@@H](C)O)NC(=O)[C@H](CC(=O)O)NC(=O)[C@H](CO)NC(=O)[C@H](CCCNC(=N)N)N(C)C(=O)[C@@H](NC(C)=O)CSSC2(C)C)C(N)=O)C(N)=O)NC(=O)[C@H](CC(C)C)NC(=O)[C@H]([C@@H](C)O)NC(=O)[C@H](CC(=O)O)NC(=O)[C@H](CO)NC(=O)[C@H](CCCNC(=N)N)N(C)C1=O,18,360.0,,,,,,,,,,,,,,,,,True,False,True,True,18,360,US9809623B2.csv,1
10,CC[C@H](C)[C@H](NC(C)=O)C(=O)N[C@@H](CC1=CN=CN1)C(=O)N[C@@H](C(C)C)C(=O)N[C@@H]([C@@H](C)O)C(=O)N[C@@H]([C@@H](C)CC)C(=O)N1CCC[C@H]1C(=O)N[C@@H](C)C(=O)N[C@@H](CC(O)=O)C(=O)N[C@@H](CC(C)C)C(=O)N[C@H]1CSCC2=C(CSC[C@H](NC(=O)[C@@H](NC(=O)[C@H](CC3=CNC4=CC=CC=C34)NC(=O)[C@H](CC(O)=O)NC1=O)[C@@H](C)CC)C(N)=O)C=CC=C2,1,1,,,,,,,,,,,,,,,,,True,False,True,False,30,30,sif_sgf_second.csv,0
38,[H]NC(N)=NCCC[C@@H](NC(=O)[C@@H]1CSCC2=C(CSC[C@H](NC(=O)[C@H](CC(C)C)NC(=O)[C@H](CC(O)=O)NC(=O)[C@H](C)NC(=O)[C@@H]3CCCN3C(=O)[C@@]([H])(NC(=O)[C@@]([H])(NC(=O)[C@@H](NC(=O)[C@H](CC3=CN([H])C=N3)NC(=O)[C@@]([H])(NC(C)=O)[C@@H](C)CC)C(C)C)[C@@H](C)O[H])[C@@H](C)CC)C(=O)N[C@@H](CC(O)=O)C(=O)N[C@@H](CC3=CN([H])C4=C3C=CC=C4)C(=O)N[C@@]([H])([C@@H](C)CC)C(=O)N1)C=CC=C2)C(N)=O,1,1,,,,,,,,,,,,,,,,,True,False,True,False,30,30,sif_sgf_second.csv,0
64,[H]C[C@H](NC(=O)[C@@H]1CC([H])CN1C(=O)[C@@H](NC(=O)[C@@H](NC(=O)[C@H](CC(C)(C)C)NC(=O)[C@@H](NC(=O)[C@@H](NC(=O)C[H])[C@@H](C)CC)[C@@H](C)O)[C@@H](C)O)C1CCCCC1)C(=O)N[C@@H](CC(O)=O)C(=O)N[C@@H](CCCCCCCC)C(=O)N[C@H]1CSCC(=O)NCCCC[C@H](NC(=O)[C@@H](NC(=O)[C@H](CC2=CNC3=CC=CC=C23)NC(=O)[C@H](CC(O)=O)NC1=O)[C@@H](C)CC)C(=O)N[C@H](CCCNC(N)=N)C(=O)N[C@@H](CCCCN[H])C(N)=O,4,1,,,,,,,,,,,,,,,,,True,False,True,False,150,30,sif_sgf_second.csv,0
192,[H]NCCCC[C@H](NC(=O)[C@@H]1CSC\C=C\CSCC[C@H](NC(=O)[C@@]([H])(NC(=O)[C@H](CC(C)(C)C)NC(=O)[C@H](CCO)NC(=O)[C@@]([H])(NC(C)=O)[C@@H](C)CC)[C@@H](C)O)C(=O)N2C3CCCCC3C[C@H]2C(=O)N[C@@H](C)C(=O)N[C@@H](CC(C(O)=O)C(=O)N[C@@H](CCCCCCCC)C(=O)N[C@@H](CC2=CNC3=C2C=CC=C3)C(=O)N[C@@H](CC(O)=O)C(=O)N[C@@H](CC2=CNC3=C2C=CC=C3)C(=O)N1)C(O)=O)C(=O)N[C@H](CCCNC(N)=N)C(N)=O,4,1,,,,,,,,,,,,,,,,,True,False,True,False,150,30,sif_sgf_second.csv,0
672,[H]C[C@@H]1NC(=O)[C@@H]2C[C@]3([H])CCCC[C@]3([H])N2C(=O)[C@H](CCC\C=C/CCC[C@@H]2NC(=O)[C@H](CC3=CNC4=CC=CC=C34)NC(=O)[C@H](CCC(O)=O)NC(=O)[C@H](CSCC3=C(CSC[C@H](NC2=O)C(=O)N[C@H](CCCNC(N)=N)C(N)=O)C=CC=C3)NC(=O)[C@H](CCCCCCCC)NC(=O)[CH](CC(O)=O)NC1=O)NC(=O)[C@@H](NC(=O)[C@@H](CC(C)(C)C)NC(=O)[C@H](CC1=CN=CN1)NC(=O)[C@@H](NC(=O)[C@H](CC1=CN=CN1)NC(=O)C[H])[C@@H](C)CC)[C@@H](C)O,4,4,,,,,,,,,,,,,,,,,True,False,True,False,150,150,sif_sgf_second.csv,0
851,CC(=O)N[C@H]1CCSC[C@@H](C(=O)N[C@H](Cc2ccc(OCCN)cc2)C(=O)N[C@@H](Cc2ccc3ccccc3c2)C(=O)N[C@](C)(CCCCN)C(=O)N[C@@H](CCC(=O)O)C(=O)N[C@@H](CC(N)=O)C(=O)NCC(N)=O)NC(=O)[C@H](CCC(N)=O)NC(=O)[C@](C)(Cc2ccccc2)NC(=O)[C@H]([C@@H](C)O)NC(=O)[C@H](CCC(N)=O)NC1=O,**,*,,,,,,,,,,,,,,,,,True,False,True,False,270,420,US9624268.csv,1
696,CC(=O)N[C@@H]1C(=O)N[C@@H](CCCNC(=N)N)C(=O)N[C@@H]([C@@H](C)O)C(=O)N[C@@H](Cc2c[nH]c3ccccc23)C(=O)N[C@@H](CCC(N)=O)C(=O)N[C@H](C(=O)N[C@@H](Cc2ccc(O)cc2)C(=O)N[C@@H](Cc2c[nH]c3ccccc23)C(=O)N[C@@H](CCCNC(=N)N)C(=O)N[C@@H](CCCCN)C(=O)N[C@@H](Cc2ccccc2)C(=O)NCC(=O)NCCOCC(=O)N[C@H](CCCCN)C(N)=O)CCSC1(C)C,***,*****,,,,,,,,,,,,,,,,,True,False,True,False,150,30,US9624268.csv,0
199,CC(=O)N[C@H]1CSSC(C)(C)[C@@H](C(=O)N[C@H](CCCCNC(=O)CN(CC(=O)NCCCC[C@@H](NC(=O)[C@H]2NC(=O)[C@H](CC(C)C)NC(=O)[C@H]([C@@H](C)O)NC(=O)[C@H](CC(=O)O)NC(=O)[C@H](CO)NC(=O)[C@H](CCCNC(=N)N)N(C)C(=O)[C@@H](NC(C)=O)CSSC2(C)C)C(N)=O)C(=O)CCN)C(N)=O)NC(=O)[C@H](CC(C)C)NC(=O)[C@H]([C@@H](C)O)NC(=O)[C@H](CC(=O)O)NC(=O)[C@H](CO)NC(=O)[C@H](CCCNC(=N)N)N(C)C1=O,27,360.0,,,,,,,,,,,,,,,,,True,False,True,True,27,360,US9809623B2.csv,1
203,CC(=O)N[C@@H]1C(=O)N[C@@H](CCCNC(=N)N)C(=O)N[C@@H](CO)C(=O)N[C@@H](CC(=O)O)C(=O)N[C@@H]([C@@H](C)O)C(=O)N[C@@H](CC(C)C)C(=O)N[C@H](C(=O)N[C@H](CCCCNC(=O)COCC(=O)NCCCC[C@@H](NC(=O)[C@@H]2CSSC(C)(C)[C@H](NC(C)=O)C(=O)N[C@@H](CCCNC(=N)N)C(=O)N[C@@H](CO)C(=O)N[C@@H](CC(=O)O)C(=O)N[C@@H]([C@@H](C)O)C(=O)N[C@@H](CC(C)C)C(=O)N2)C(N)=O)C(N)=O)CSSC1(C)C,293,360.0,,,,,,,,,,,,,,,,,True,False,True,True,293,360,US9809623B2.csv,1
204,CC(=O)N[C@@H]1C(=O)N(C)[C@@H](CCCNC(=N)N)C(=O)N[C@@H](CO)C(=O)N[C@@H](CC(=O)O)C(=O)N[C@@H]([C@@H](C)O)C(=O)N[C@@H](CC(C)C)C(=O)N[C@H](C(=O)N[C@@H](Cc2c[nH]c3ccccc23)C(=O)N[C@H](CCCCN)C(N)=O)C(C)(C)SSC1(C)C,360,360.0,,,,,,,,,,,,,,,,,True,False,True,True,360,360,US9809623B2.csv,1
